Date,Price_g,Price_oz
2011-01-03,"3,240.23","100,782"
2011-01-04,"3,218.40","100,103"
2011-01-05,"3,227.90","100,399"
2011-01-06,"3,212.22","99,911"
2011-01-07,"3,217.19","100,066"
2011-01-10,"3,205.83","99,712"
2011-01-11,"3,207.11","99,752"
2011-01-12,"3,179.01","98,878"
2011-01-13,"3,154.59","98,119"
2011-01-14,"3,170.00","98,598"
2011-01-17,"3,204.33","99,666"
2011-01-18,"3,198.48","99,484"
2011-01-19,"3,204.07","99,658"
2011-01-20,"3,164.82","98,437"
2011-01-21,"3,126.13","97,234"
2011-01-24,"3,124.92","97,196"
2011-01-25,"3,125.99","97,229"
2011-01-26,"3,158.04","98,226"
2011-01-27,"3,084.11","95,926"
2011-01-28,"3,170.33","98,608"
2011-01-31,"3,141.35","97,707"
2011-02-01,"3,143.14","97,763"
2011-02-02,"3,136.25","97,548"
2011-02-03,"3,200.20","99,537"
2011-02-04,"3,179.79","98,903"
2011-02-07,"3,150.72","97,998"
2011-02-08,"3,181.78","98,964"
2011-02-09,"3,169.94","98,596"
2011-02-10,"3,218.57","100,109"
2011-02-11,"3,181.32","98,950"
2011-02-14,"3,174.39","98,735"
2011-02-15,"3,225.00","100,309"
2011-02-16,"3,180.69","98,930"
2011-02-17,"3,215.06","100,000"
2011-02-18,"3,194.44","99,358"
2011-02-21,"3,259.06","101,368"
2011-02-22,"3,261.61","101,448"
2011-02-23,"3,272.71","101,793"
2011-02-24,"3,273.46","101,816"
2011-02-25,"3,287.49","102,252"
2011-02-28,"3,291.26","102,370"
2011-03-01,"3,327.72","103,504"
2011-03-02,"3,305.03","102,798"
2011-03-03,"3,255.53","101,258"
2011-03-04,"3,300.75","102,665"
2011-03-07,"3,333.09","103,671"
2011-03-08,"3,319.42","103,246"
2011-03-09,"3,316.09","103,142"
2011-03-10,"3,290.54","102,347"
2011-03-11,"3,268.71","101,668"
2011-03-14,"3,299.34","102,621"
2011-03-15,"3,218.31","100,101"
2011-03-16,"3,235.21","100,626"
2011-03-17,"3,263.68","101,512"
2011-03-18,"3,283.30","102,122"
2011-03-21,"3,290.83","102,356"
2011-03-22,"3,314.29","103,086"
2011-03-23,"3,329.26","103,551"
2011-03-24,"3,285.95","102,205"
2011-03-25,"3,302.35","102,715"
2011-03-28,"3,275.56","101,881"
2011-03-29,"3,250.89","101,114"
2011-03-30,"3,271.63","101,759"
2011-03-31,"3,288.76","102,292"
2011-04-01,"3,259.84","101,392"
2011-04-04,"3,289.74","102,322"
2011-04-05,"3,309.96","102,951"
2011-04-06,"3,308.33","102,901"
2011-04-07,"3,302.07","102,706"
2011-04-08,"3,330.71","103,597"
2011-04-11,"3,346.48","104,087"
2011-04-12,"3,314.48","103,092"
2011-04-13,"3,342.43","103,961"
2011-04-14,"3,361.24","104,546"
2011-04-15,"3,398.33","105,700"
2011-04-18,"3,436.47","106,886"
2011-04-19,"3,406.01","105,939"
2011-04-20,"3,422.57","106,454"
2011-04-21,"3,438.75","106,957"
2011-04-22,"3,447.53","107,230"
2011-04-25,"3,437.48","106,918"
2011-04-26,"3,441.12","107,031"
2011-04-27,"3,476.12","108,119"
2011-04-28,"3,510.42","109,186"
2011-04-29,"3,569.01","111,009"
2011-05-02,"3,512.04","109,237"
2011-05-03,"3,507.16","109,085"
2011-05-04,"3,476.63","108,135"
2011-05-05,"3,461.33","107,659"
2011-05-06,"3,492.12","108,617"
2011-05-09,"3,479.91","108,237"
2011-05-10,"3,477.60","108,165"
2011-05-11,"3,491.22","108,589"
2011-05-12,"3,466.19","107,810"
2011-05-13,"3,489.09","108,523"
2011-05-16,"3,449.97","107,306"
2011-05-17,"3,447.73","107,236"
2011-05-18,"3,462.90","107,708"
2011-05-19,"3,455.82","107,488"
2011-05-20,"3,519.84","109,479"
2011-05-23,"3,525.79","109,664"
2011-05-24,"3,550.72","110,440"
2011-05-25,"3,561.13","110,764"
2011-05-26,"3,557.51","110,651"
2011-05-27,"3,547.56","110,341"
2011-05-30,"3,564.05","110,854"
2011-05-31,"3,561.35","110,770"
2011-06-01,"3,565.30","110,893"
2011-06-02,"3,532.75","109,881"
2011-06-03,"3,528.59","109,751"
2011-06-06,"3,558.88","110,694"
2011-06-07,"3,546.95","110,323"
2011-06-08,"3,534.89","109,948"
2011-06-09,"3,574.12","111,168"
2011-06-10,"3,553.61","110,530"
2011-06-13,"3,493.24","108,652"
2011-06-14,"3,507.64","109,100"
2011-06-15,"3,557.31","110,645"
2011-06-16,"3,507.16","109,085"
2011-06-17,"3,553.68","110,532"
2011-06-20,"3,549.94","110,416"
2011-06-21,"3,559.86","110,724"
2011-06-22,"3,582.02","111,413"
2011-06-23,"3,508.86","109,138"
2011-06-24,"3,483.81","108,359"
2011-06-27,"3,453.25","107,408"
2011-06-28,"3,456.66","107,514"
2011-06-29,"3,489.22","108,527"
2011-06-30,"3,447.99","107,244"
2011-07-01,"3,397.83","105,684"
2011-07-04,"3,406.14","105,943"
2011-07-05,"3,468.20","107,873"
2011-07-06,"3,503.25","108,963"
2011-07-07,"3,483.82","108,359"
2011-07-08,"3,527.31","109,712"
2011-07-11,"3,566.61","110,934"
2011-07-12,"3,594.58","111,804"
2011-07-13,"3,583.93","111,473"
2011-07-14,"3,649.86","113,523"
2011-07-15,"3,660.31","113,848"
2011-07-18,"3,665.35","114,005"
2011-07-19,"3,640.80","113,241"
2011-07-20,"3,667.96","114,086"
2011-07-21,"3,579.21","111,326"
2011-07-22,"3,669.77","114,143"
2011-07-24,"3,657.63","113,765"
2011-07-25,"3,689.65","114,761"
2011-07-26,"3,672.39","114,224"
2011-07-27,"3,664.39","113,975"
2011-07-28,"3,655.27","113,691"
2011-07-29,"3,662.96","113,931"
2011-08-01,"3,719.59","115,692"
2011-08-02,"3,781.11","117,606"
2011-08-03,"3,782.70","117,655"
2011-08-04,"3,823.05","118,910"
2011-08-05,"3,801.19","118,230"
2011-08-08,"4,006.91","124,629"
2011-08-09,"4,008.04","124,664"
2011-08-10,"4,245.92","132,063"
2011-08-11,"4,097.56","127,448"
2011-08-12,"4,081.07","126,935"
2011-08-15,"4,073.83","126,710"
2011-08-16,"4,141.88","128,827"
2011-08-17,"4,193.20","130,423"
2011-08-18,"4,302.81","133,832"
2011-08-19,"4,334.58","134,821"
2011-08-22,"4,484.33","139,478"
2011-08-23,"4,300.82","133,770"
2011-08-24,"4,157.65","129,317"
2011-08-25,"4,207.44","130,866"
2011-08-26,"4,322.87","134,456"
2011-08-29,"4,235.02","131,724"
2011-08-30,"4,347.14","135,211"
2011-08-31,"4,295.09","133,592"
2011-09-01,"4,287.72","133,363"
2011-09-02,"4,457.80","138,653"
2011-09-04,"4,493.05","139,750"
2011-09-05,"4,510.28","140,285"
2011-09-06,"4,491.10","139,689"
2011-09-07,"4,302.66","133,828"
2011-09-08,"4,504.38","140,102"
2011-09-09,"4,492.57","139,735"
2011-09-12,"4,386.05","136,421"
2011-09-13,"4,480.29","139,353"
2011-09-14,"4,453.65","138,524"
2011-09-15,"4,350.44","135,314"
2011-09-16,"4,404.02","136,980"
2011-09-19,"4,373.32","136,025"
2011-09-20,"4,438.69","138,059"
2011-09-21,"4,447.07","138,319"
2011-09-22,"4,400.17","136,861"
2011-09-23,"4,167.32","129,618"
2011-09-26,"4,154.45","129,218"
2011-09-27,"4,140.58","128,786"
2011-09-28,"4,073.67","126,705"
2011-09-29,"4,071.47","126,637"
2011-09-30,"4,008.03","124,664"
2011-10-03,"4,253.76","132,307"
2011-10-04,"4,061.09","126,314"
2011-10-05,"4,181.48","130,059"
2011-10-06,"4,165.50","129,562"
2011-10-07,"4,169.55","129,688"
2011-10-10,"4,201.87","130,693"
2011-10-11,"4,207.29","130,861"
2011-10-12,"4,216.24","131,140"
2011-10-13,"4,210.27","130,954"
2011-10-14,"4,209.35","130,925"
2011-10-17,"4,203.60","130,747"
2011-10-18,"4,201.62","130,685"
2011-10-19,"4,182.34","130,085"
2011-10-20,"4,162.51","129,469"
2011-10-21,"4,208.01","130,884"
2011-10-24,"4,221.70","131,310"
2011-10-25,"4,354.84","135,451"
2011-10-26,"4,394.68","136,690"
2011-10-27,"4,391.42","136,588"
2011-10-28,"4,377.15","136,145"
2011-10-31,"4,345.02","135,145"
2011-11-01,"4,352.53","135,379"
2011-11-02,"4,403.22","136,955"
2011-11-03,"4,455.22","138,573"
2011-11-04,"4,444.27","138,232"
2011-11-06,"4,433.55","137,899"
2011-11-07,"4,528.92","140,865"
2011-11-08,"4,523.24","140,689"
2011-11-09,"4,601.85","143,134"
2011-11-10,"4,494.05","139,781"
2011-11-11,"4,573.43","142,249"
2011-11-13,"4,558.53","141,786"
2011-11-14,"4,619.90","143,695"
2011-11-15,"4,652.55","144,711"
2011-11-16,"4,607.19","143,300"
2011-11-17,"4,499.63","139,954"
2011-11-18,"4,576.30","142,339"
2011-11-21,"4,486.52","139,546"
2011-11-22,"4,586.32","142,650"
2011-11-23,"4,574.75","142,291"
2011-11-24,"4,559.99","141,832"
2011-11-25,"4,537.25","141,124"
2011-11-27,"4,512.06","140,341"
2011-11-28,"4,595.75","142,944"
2011-11-29,"4,606.95","143,292"
2011-11-30,"4,666.02","145,129"
2011-12-01,"4,621.69","143,751"
2011-12-02,"4,637.81","144,252"
2011-12-05,"4,569.36","142,123"
2011-12-06,"4,550.73","141,544"
2011-12-07,"4,620.93","143,727"
2011-12-08,"4,555.56","141,694"
2011-12-09,"4,587.44","142,685"
2011-12-12,"4,558.64","141,790"
2011-12-13,"4,527.33","140,816"
2011-12-14,"4,369.40","135,904"
2011-12-15,"4,320.00","134,367"
2011-12-16,"4,329.58","134,665"
2011-12-18,"4,332.85","134,767"
2011-12-19,"4,329.96","134,677"
2011-12-20,"4,391.49","136,591"
2011-12-21,"4,376.93","136,138"
2011-12-22,"4,357.04","135,519"
2011-12-23,"4,384.02","136,358"
2011-12-26,"4,380.68","136,254"
2011-12-27,"4,344.50","135,129"
2011-12-28,"4,280.42","133,136"
2011-12-29,"4,189.49","130,308"
2011-12-30,"4,272.91","132,902"
2012-01-01,"4,267.50","132,734"
2012-01-02,"4,284.89","133,275"
2012-01-03,"4,394.38","136,680"
2012-01-04,"4,402.04","136,919"
2012-01-05,"4,416.94","137,382"
2012-01-06,"4,410.28","137,175"
2012-01-09,"4,351.52","135,347"
2012-01-10,"4,339.78","134,982"
2012-01-11,"4,381.53","136,281"
2012-01-12,"4,360.12","135,615"
2012-01-13,"4,383.83","136,352"
2012-01-16,"4,343.30","135,092"
2012-01-17,"4,322.59","134,448"
2012-01-18,"4,293.02","133,528"
2012-01-19,"4,266.02","132,688"
2012-01-20,"4,299.10","133,717"
2012-01-23,"4,319.70","134,358"
2012-01-24,"4,283.93","133,245"
2012-01-25,"4,361.61","135,661"
2012-01-26,"4,417.22","137,391"
2012-01-27,"4,383.64","136,346"
2012-01-29,"4,382.50","136,311"
2012-01-30,"4,422.41","137,552"
2012-01-31,"4,443.52","138,209"
2012-02-01,"4,407.11","137,076"
2012-02-02,"4,445.34","138,266"
2012-02-03,"4,329.37","134,659"
2012-02-05,"4,336.60","134,883"
2012-02-06,"4,321.33","134,408"
2012-02-07,"4,371.33","135,964"
2012-02-08,"4,397.13","136,766"
2012-02-09,"4,399.17","136,829"
2012-02-10,"4,386.95","136,449"
2012-02-13,"4,380.19","136,239"
2012-02-14,"4,390.98","136,575"
2012-02-15,"4,410.87","137,193"
2012-02-16,"4,336.31","134,874"
2012-02-17,"4,366.38","135,810"
2012-02-19,"4,345.96","135,174"
2012-02-20,"4,401.08","136,889"
2012-02-21,"4,452.34","138,483"
2012-02-22,"4,488.68","139,614"
2012-02-23,"4,475.43","139,202"
2012-02-24,"4,448.57","138,366"
2012-02-26,"4,442.19","138,168"
2012-02-27,"4,479.86","139,339"
2012-02-28,"4,496.26","139,849"
2012-02-29,"4,312.01","134,119"
2012-03-01,"4,355.35","135,467"
2012-03-02,"4,373.47","136,030"
2012-03-04,"4,372.64","136,004"
2012-03-05,"4,375.68","136,099"
2012-03-06,"4,344.63","135,133"
2012-03-07,"4,351.55","135,348"
2012-03-08,"4,386.50","136,435"
2012-03-09,"4,426.83","137,690"
2012-03-11,"4,429.48","137,772"
2012-03-12,"4,360.21","135,618"
2012-03-13,"4,308.78","134,018"
2012-03-14,"4,241.56","131,927"
2012-03-15,"4,297.48","133,667"
2012-03-16,"4,252.37","132,264"
2012-03-18,"4,246.35","132,076"
2012-03-19,"4,272.25","132,882"
2012-03-20,"4,268.55","132,767"
2012-03-21,"4,312.35","134,129"
2012-03-22,"4,317.96","134,304"
2012-03-23,"4,362.04","135,675"
2012-03-25,"4,363.85","135,731"
2012-03-26,"4,435.31","137,954"
2012-03-27,"4,387.00","136,451"
2012-03-28,"4,350.13","135,304"
2012-03-29,"4,380.19","136,239"
2012-03-30,"4,358.85","135,575"
2012-04-02,"4,392.89","136,634"
2012-04-03,"4,331.13","134,713"
2012-04-04,"4,277.72","133,052"
2012-04-05,"4,250.99","132,220"
2012-04-06,"4,247.31","132,106"
2012-04-08,"4,241.16","131,915"
2012-04-09,"4,267.04","132,720"
2012-04-10,"4,379.41","136,215"
2012-04-11,"4,394.97","136,699"
2012-04-12,"4,423.70","137,593"
2012-04-13,"4,425.66","137,653"
2012-04-15,"4,427.30","137,704"
2012-04-16,"4,358.47","135,564"
2012-04-17,"4,371.17","135,959"
2012-04-18,"4,352.33","135,373"
2012-04-19,"4,384.41","136,370"
2012-04-20,"4,380.35","136,244"
2012-04-23,"4,422.86","137,566"
2012-04-24,"4,431.46","137,834"
2012-04-25,"4,433.40","137,894"
2012-04-26,"4,495.50","139,826"
2012-04-27,"4,501.32","140,007"
2012-04-29,"4,502.15","140,033"
2012-04-30,"4,500.67","139,986"
2012-05-01,"4,502.97","140,058"
2012-05-02,"4,503.58","140,077"
2012-05-03,"4,492.92","139,746"
2012-05-04,"4,540.02","141,210"
2012-05-07,"4,444.85","138,250"
2012-05-08,"4,410.26","137,174"
2012-05-09,"4,418.64","137,435"
2012-05-10,"4,347.54","135,224"
2012-05-11,"4,368.76","135,884"
2012-05-13,"4,376.44","136,122"
2012-05-14,"4,333.26","134,779"
2012-05-15,"4,296.16","133,626"
2012-05-16,"4,309.72","134,047"
2012-05-17,"4,422.48","137,554"
2012-05-18,"4,428.26","137,734"
2012-05-21,"4,417.85","137,410"
2012-05-22,"4,353.82","135,419"
2012-05-23,"4,400.30","136,865"
2012-05-24,"4,377.43","136,153"
2012-05-25,"4,426.07","137,666"
2012-05-27,"4,407.02","137,074"
2012-05-28,"4,393.41","136,650"
2012-05-29,"4,337.20","134,902"
2012-05-30,"4,349.15","135,274"
2012-05-31,"4,334.56","134,820"
2012-06-01,"4,466.18","138,914"
2012-06-03,"4,458.44","138,673"
2012-06-04,"4,465.37","138,889"
2012-06-05,"4,477.87","139,277"
2012-06-06,"4,462.09","138,787"
2012-06-07,"4,418.12","137,419"
2012-06-08,"4,401.07","136,889"
2012-06-10,"4,344.97","135,144"
2012-06-11,"4,456.93","138,626"
2012-06-12,"4,467.29","138,948"
2012-06-13,"4,467.52","138,955"
2012-06-14,"4,475.26","139,196"
2012-06-15,"4,492.40","139,729"
2012-06-17,"4,472.83","139,121"
2012-06-18,"4,526.80","140,799"
2012-06-19,"4,454.30","138,544"
2012-06-20,"4,441.80","138,155"
2012-06-21,"4,375.97","136,108"
2012-06-22,"4,389.70","136,535"
2012-06-24,"4,351.08","135,334"
2012-06-25,"4,382.94","136,325"
2012-06-26,"4,354.02","135,425"
2012-06-27,"4,366.02","135,798"
2012-06-28,"4,293.21","133,534"
2012-06-29,"4,395.07","136,702"
2012-07-02,"4,437.03","138,007"
2012-07-03,"4,474.69","139,178"
2012-07-04,"4,483.91","139,465"
2012-07-05,"4,496.73","139,864"
2012-07-06,"4,414.33","137,301"
2012-07-08,"4,418.18","137,421"
2012-07-09,"4,396.03","136,732"
2012-07-10,"4,485.68","139,520"
2012-07-11,"4,500.23","139,973"
2012-07-12,"4,512.20","140,345"
2012-07-13,"4,489.29","139,633"
2012-07-15,"4,483.40","139,449"
2012-07-16,"4,497.58","139,890"
2012-07-17,"4,494.13","139,783"
2012-07-18,"4,469.51","139,017"
2012-07-19,"4,494.25","139,787"
2012-07-20,"4,536.17","141,091"
2012-07-23,"4,517.92","140,523"
2012-07-24,"4,534.41","141,036"
2012-07-25,"4,570.76","142,167"
2012-07-26,"4,583.74","142,570"
2012-07-27,"4,618.69","143,657"
2012-07-29,"4,621.64","143,749"
2012-07-30,"4,634.90","144,162"
2012-07-31,"4,625.78","143,878"
2012-08-01,"4,591.62","142,815"
2012-08-02,"4,597.88","143,010"
2012-08-03,"4,559.15","141,806"
2012-08-06,"4,598.46","143,028"
2012-08-07,"4,577.79","142,385"
2012-08-08,"4,582.84","142,542"
2012-08-09,"4,610.58","143,405"
2012-08-10,"4,598.41","143,026"
2012-08-12,"4,594.45","142,903"
2012-08-13,"4,598.63","143,033"
2012-08-14,"4,599.75","143,068"
2012-08-15,"4,589.63","142,753"
2012-08-16,"4,608.24","143,332"
2012-08-17,"4,632.37","144,083"
2012-08-19,"4,627.96","143,946"
2012-08-20,"4,638.29","144,267"
2012-08-21,"4,655.32","144,797"
2012-08-22,"4,683.40","145,670"
2012-08-23,"4,749.06","147,712"
2012-08-24,"4,777.10","148,584"
2012-08-26,"4,778.02","148,613"
2012-08-27,"4,775.22","148,526"
2012-08-28,"4,761.25","148,091"
2012-08-29,"4,759.15","148,026"
2012-08-30,"4,746.74","147,640"
2012-08-31,"4,840.36","150,552"
2012-09-02,"4,839.73","150,532"
2012-09-03,"4,829.23","150,206"
2012-09-04,"4,863.21","151,263"
2012-09-05,"4,854.10","150,979"
2012-09-06,"4,866.13","151,354"
2012-09-07,"4,897.38","152,325"
2012-09-10,"4,933.26","153,441"
2012-09-11,"4,910.64","152,738"
2012-09-12,"4,918.77","152,991"
2012-09-13,"5,012.53","155,907"
2012-09-14,"4,934.71","153,487"
2012-09-17,"4,912.12","152,784"
2012-09-18,"4,923.59","153,141"
2012-09-19,"4,903.50","152,516"
2012-09-20,"4,926.36","153,227"
2012-09-21,"4,875.35","151,640"
2012-09-24,"4,849.76","150,845"
2012-09-25,"4,830.89","150,258"
2012-09-26,"4,814.79","149,757"
2012-09-27,"4,843.51","150,650"
2012-09-28,"4,808.23","149,553"
2012-10-01,"4,800.71","149,319"
2012-10-02,"4,783.23","148,775"
2012-10-03,"4,770.76","148,387"
2012-10-04,"4,732.84","147,208"
2012-10-05,"4,750.14","147,746"
2012-10-08,"4,797.20","149,210"
2012-10-09,"4,812.59","149,688"
2012-10-10,"4,820.07","149,921"
2012-10-11,"4,781.53","148,722"
2012-10-12,"4,780.81","148,700"
2012-10-14,"4,782.92","148,765"
2012-10-15,"4,734.28","147,253"
2012-10-16,"4,738.71","147,390"
2012-10-17,"4,768.25","148,309"
2012-10-18,"4,778.35","148,623"
2012-10-19,"4,788.79","148,948"
2012-10-21,"4,789.63","148,974"
2012-10-22,"4,758.70","148,012"
2012-10-23,"4,737.48","147,352"
2012-10-24,"4,692.68","145,959"
2012-10-25,"4,723.51","146,917"
2012-10-26,"4,700.34","146,197"
2012-10-29,"4,754.20","147,872"
2012-10-30,"4,759.25","148,029"
2012-10-31,"4,777.16","148,586"
2012-11-01,"4,743.64","147,544"
2012-11-02,"4,661.69","144,995"
2012-11-04,"4,665.16","145,103"
2012-11-05,"4,732.91","147,210"
2012-11-06,"4,796.67","149,193"
2012-11-07,"4,781.83","148,731"
2012-11-08,"4,841.35","150,583"
2012-11-09,"4,879.56","151,771"
2012-11-11,"4,876.89","151,688"
2012-11-12,"4,903.40","152,513"
2012-11-13,"4,876.70","151,682"
2012-11-14,"4,877.90","151,720"
2012-11-15,"4,821.00","149,950"
2012-11-16,"4,861.98","151,225"
2012-11-19,"4,905.58","152,580"
2012-11-20,"4,904.40","152,544"
2012-11-21,"4,887.96","152,032"
2012-11-22,"4,911.02","152,750"
2012-11-23,"4,985.12","155,055"
2012-11-26,"5,005.36","155,684"
2012-11-27,"4,973.39","154,690"
2012-11-28,"4,883.40","151,891"
2012-11-29,"4,870.80","151,499"
2012-11-30,"4,791.19","149,023"
2012-12-03,"4,825.78","150,098"
2012-12-04,"4,760.82","148,078"
2012-12-05,"4,758.05","147,992"
2012-12-06,"4,764.41","148,190"
2012-12-07,"4,776.62","148,570"
2012-12-10,"4,795.35","149,152"
2012-12-11,"4,768.44","148,315"
2012-12-12,"4,767.20","148,277"
2012-12-13,"4,751.00","147,773"
2012-12-14,"4,727.82","147,052"
2012-12-17,"4,789.58","148,973"
2012-12-18,"4,698.81","146,149"
2012-12-19,"4,699.24","146,163"
2012-12-20,"4,657.13","144,853"
2012-12-21,"4,696.31","146,072"
2012-12-24,"4,702.33","146,259"
2012-12-25,"4,695.61","146,050"
2012-12-26,"4,690.17","145,881"
2012-12-27,"4,711.61","146,547"
2012-12-28,"4,651.08","144,665"
2012-12-31,"4,733.71","147,235"
2013-01-01,"4,730.92","147,148"
2013-01-02,"4,738.44","147,382"
2013-01-03,"4,693.16","145,974"
2013-01-04,"4,668.02","145,192"
2013-01-07,"4,653.95","144,754"
2013-01-08,"4,713.99","146,622"
2013-01-09,"4,668.14","145,195"
2013-01-10,"4,642.71","144,404"
2013-01-11,"4,658.40","144,893"
2013-01-14,"4,672.20","145,322"
2013-01-15,"4,738.28","147,377"
2013-01-16,"4,737.39","147,349"
2013-01-17,"4,716.35","146,695"
2013-01-18,"4,668.71","145,213"
2013-01-21,"4,674.36","145,389"
2013-01-22,"4,691.26","145,914"
2013-01-23,"4,652.14","144,698"
2013-01-24,"4,587.52","142,688"
2013-01-25,"4,569.70","142,134"
2013-01-28,"4,590.09","142,768"
2013-01-29,"4,563.66","141,946"
2013-01-30,"4,589.86","142,761"
2013-01-31,"4,545.63","141,385"
2013-02-01,"4,561.58","141,881"
2013-02-04,"4,607.40","143,306"
2013-02-05,"4,564.73","141,979"
2013-02-06,"4,599.74","143,068"
2013-02-07,"4,633.00","144,102"
2013-02-08,"4,620.07","143,700"
2013-02-11,"4,560.68","141,853"
2013-02-12,"4,571.72","142,196"
2013-02-13,"4,563.45","141,939"
2013-02-14,"4,523.65","140,701"
2013-02-15,"4,479.35","139,323"
2013-02-18,"4,481.87","139,402"
2013-02-19,"4,456.67","138,618"
2013-02-20,"4,381.55","136,281"
2013-02-21,"4,415.12","137,326"
2013-02-22,"4,399.63","136,844"
2013-02-25,"4,483.29","139,446"
2013-02-26,"4,496.18","139,847"
2013-02-27,"4,414.94","137,320"
2013-02-28,"4,437.76","138,030"
2013-03-01,"4,452.18","138,478"
2013-03-04,"4,436.66","137,996"
2013-03-05,"4,444.32","138,234"
2013-03-06,"4,483.64","139,457"
2013-03-07,"4,402.13","136,921"
2013-03-08,"4,445.89","138,283"
2013-03-11,"4,413.96","137,289"
2013-03-12,"4,432.90","137,879"
2013-03-13,"4,450.69","138,432"
2013-03-14,"4,418.58","137,433"
2013-03-15,"4,421.29","137,517"
2013-03-18,"4,467.10","138,942"
2013-03-19,"4,537.53","141,133"
2013-03-20,"4,482.97","139,436"
2013-03-21,"4,517.40","140,507"
2013-03-22,"4,482.41","139,419"
2013-03-25,"4,522.61","140,669"
2013-03-26,"4,472.87","139,122"
2013-03-27,"4,485.82","139,524"
2013-03-28,"4,458.67","138,680"
2013-03-29,"4,457.64","138,648"
2013-04-01,"4,454.61","138,554"
2013-04-02,"4,403.29","136,958"
2013-04-03,"4,355.55","135,473"
2013-04-04,"4,340.75","135,012"
2013-04-05,"4,439.38","138,080"
2013-04-08,"4,416.30","137,362"
2013-04-09,"4,442.20","138,168"
2013-04-10,"4,385.90","136,417"
2013-04-11,"4,382.70","136,317"
2013-04-12,"4,146.41","128,968"
2013-04-15,"3,806.00","118,380"
2013-04-16,"3,794.24","118,014"
2013-04-17,"3,868.64","120,328"
2013-04-18,"3,863.51","120,169"
2013-04-19,"3,907.06","121,523"
2013-04-22,"3,972.97","123,573"
2013-04-23,"3,951.80","122,915"
2013-04-24,"4,007.54","124,648"
2013-04-25,"4,103.49","127,633"
2013-04-26,"4,082.96","126,994"
2013-04-29,"4,112.32","127,907"
2013-04-30,"4,060.49","126,295"
2013-05-01,"4,042.87","125,747"
2013-05-02,"4,106.39","127,723"
2013-05-03,"4,077.13","126,813"
2013-05-06,"4,109.67","127,825"
2013-05-07,"4,054.69","126,115"
2013-05-08,"4,100.26","127,532"
2013-05-09,"4,108.01","127,773"
2013-05-10,"4,079.52","126,887"
2013-05-13,"4,031.19","125,384"
2013-05-14,"4,008.75","124,686"
2013-05-15,"3,908.93","121,581"
2013-05-16,"3,907.79","121,546"
2013-05-17,"3,839.75","119,430"
2013-05-20,"3,945.99","122,734"
2013-05-21,"3,905.06","121,461"
2013-05-22,"3,945.85","122,730"
2013-05-23,"3,963.98","123,293"
2013-05-24,"3,962.11","123,236"
2013-05-27,"3,987.89","124,037"
2013-05-28,"4,000.30","124,423"
2013-05-29,"4,038.54","125,613"
2013-05-30,"4,072.50","126,669"
2013-05-31,"4,050.75","125,992"
2013-06-03,"4,105.77","127,704"
2013-06-04,"4,063.17","126,379"
2013-06-05,"4,088.12","127,155"
2013-06-06,"4,089.65","127,202"
2013-06-07,"4,072.35","126,664"
2013-06-10,"4,125.66","128,322"
2013-06-11,"4,169.80","129,695"
2013-06-12,"4,108.68","127,794"
2013-06-13,"4,160.81","129,416"
2013-06-14,"4,101.59","127,574"
2013-06-17,"4,092.48","127,290"
2013-06-18,"4,131.04","128,490"
2013-06-19,"4,128.03","128,396"
2013-06-20,"3,933.55","122,347"
2013-06-21,"3,971.82","123,538"
2013-06-24,"3,941.93","122,608"
2013-06-25,"3,922.16","121,993"
2013-06-26,"3,826.25","119,010"
2013-06-27,"3,711.95","115,455"
2013-06-28,"3,776.68","117,468"
2013-07-01,"3,794.65","118,027"
2013-07-02,"3,832.64","119,209"
2013-07-03,"3,878.13","120,623"
2013-07-04,"3,910.86","121,641"
2013-07-05,"3,827.52","119,049"
2013-07-08,"3,858.74","120,020"
2013-07-09,"3,914.36","121,750"
2013-07-10,"3,837.84","119,370"
2013-07-11,"3,954.96","123,013"
2013-07-12,"3,971.43","123,525"
2013-07-15,"3,934.17","122,366"
2013-07-16,"3,939.07","122,519"
2013-07-17,"3,912.71","121,699"
2013-07-18,"3,926.07","122,114"
2013-07-19,"3,966.55","123,374"
2013-07-22,"4,097.55","127,448"
2013-07-23,"4,126.89","128,361"
2013-07-24,"4,022.73","125,121"
2013-07-25,"4,008.89","124,690"
2013-07-26,"4,048.30","125,916"
2013-07-29,"4,067.62","126,517"
2013-07-30,"4,123.91","128,268"
2013-07-31,"4,123.28","128,248"
2013-08-01,"4,067.42","126,511"
2013-08-02,"4,102.82","127,612"
2013-08-05,"4,074.27","126,724"
2013-08-06,"4,067.65","126,518"
2013-08-07,"4,024.71","125,182"
2013-08-08,"4,101.84","127,582"
2013-08-09,"4,125.72","128,324"
2013-08-12,"4,207.23","130,859"
2013-08-13,"4,155.00","129,235"
2013-08-14,"4,209.80","130,939"
2013-08-15,"4,296.80","133,645"
2013-08-16,"4,394.76","136,692"
2013-08-19,"4,431.41","137,832"
2013-08-20,"4,462.57","138,801"
2013-08-21,"4,549.40","141,502"
2013-08-22,"4,625.02","143,854"
2013-08-23,"4,589.31","142,744"
2013-08-26,"4,670.09","145,256"
2013-08-27,"4,796.66","149,193"
2013-08-28,"4,795.95","149,171"
2013-08-29,"4,786.16","148,866"
2013-08-30,"4,741.69","147,483"
2013-09-02,"4,755.49","147,912"
2013-09-03,"4,963.48","154,381"
2013-09-04,"4,769.00","148,332"
2013-09-05,"4,713.66","146,611"
2013-09-06,"4,629.43","143,991"
2013-09-09,"4,611.23","143,425"
2013-09-10,"4,473.47","139,141"
2013-09-11,"4,412.42","137,242"
2013-09-12,"4,347.13","135,211"
2013-09-13,"4,321.45","134,412"
2013-09-16,"4,253.05","132,285"
2013-09-17,"4,288.51","133,388"
2013-09-18,"4,372.15","135,989"
2013-09-19,"4,336.60","134,883"
2013-09-20,"4,275.56","132,985"
2013-09-23,"4,263.08","132,597"
2013-09-24,"4,253.68","132,304"
2013-09-25,"4,270.05","132,813"
2013-09-26,"4,226.61","131,462"
2013-09-27,"4,289.19","133,409"
2013-09-30,"4,262.60","132,582"
2013-10-01,"4,123.89","128,267"
2013-10-02,"4,208.99","130,914"
2013-10-03,"4,170.71","129,723"
2013-10-04,"4,143.28","128,870"
2013-10-07,"4,213.55","131,056"
2013-10-08,"4,203.98","130,758"
2013-10-09,"4,144.69","128,914"
2013-10-10,"4,080.31","126,912"
2013-10-11,"4,001.37","124,456"
2013-10-14,"4,019.61","125,024"
2013-10-15,"4,071.98","126,653"
2013-10-16,"4,083.88","127,023"
2013-10-17,"4,143.46","128,876"
2013-10-18,"4,182.91","130,103"
2013-10-21,"4,169.52","129,687"
2013-10-22,"4,209.72","130,937"
2013-10-23,"4,219.18","131,231"
2013-10-24,"4,251.55","132,238"
2013-10-25,"4,292.72","133,518"
2013-10-28,"4,288.23","133,379"
2013-10-29,"4,243.63","131,992"
2013-10-30,"4,236.34","131,765"
2013-10-31,"4,204.61","130,778"
2013-11-01,"4,188.43","130,275"
2013-11-04,"4,173.30","129,804"
2013-11-05,"4,164.36","129,526"
2013-11-06,"4,227.14","131,479"
2013-11-07,"4,242.23","131,948"
2013-11-08,"4,156.87","129,293"
2013-11-11,"4,167.64","129,628"
2013-11-12,"4,134.45","128,596"
2013-11-13,"4,154.05","129,205"
2013-11-14,"4,167.64","129,628"
2013-11-15,"4,176.69","129,909"
2013-11-18,"4,094.40","127,350"
2013-11-19,"4,082.69","126,986"
2013-11-20,"4,007.81","124,657"
2013-11-21,"4,012.15","124,792"
2013-11-22,"3,993.41","124,209"
2013-11-25,"4,019.17","125,010"
2013-11-26,"3,984.77","123,940"
2013-11-27,"3,968.02","123,419"
2013-11-28,"3,980.41","123,805"
2013-11-29,"4,033.98","125,471"
2013-12-02,"3,905.33","121,469"
2013-12-03,"3,921.00","121,957"
2013-12-04,"3,966.83","123,382"
2013-12-05,"3,860.17","120,065"
2013-12-06,"3,871.87","120,429"
2013-12-09,"3,889.32","120,971"
2013-12-10,"3,958.01","123,108"
2013-12-11,"3,935.98","122,423"
2013-12-12,"3,912.92","121,706"
2013-12-13,"3,953.62","122,971"
2013-12-16,"3,944.24","122,679"
2013-12-17,"3,911.33","121,656"
2013-12-18,"3,910.09","121,617"
2013-12-19,"3,801.65","118,245"
2013-12-20,"3,829.51","119,111"
2013-12-23,"3,812.56","118,584"
2013-12-24,"3,831.15","119,162"
2013-12-25,"3,829.69","119,117"
2013-12-26,"3,846.13","119,628"
2013-12-27,"3,879.71","120,673"
2013-12-30,"3,798.26","118,139"
2013-12-31,"3,841.29","119,477"
2014-01-02,"3,920.52","121,942"
2014-01-03,"3,970.27","123,489"
2014-01-06,"3,959.63","123,158"
2014-01-07,"3,951.66","122,910"
2014-01-08,"3,911.77","121,670"
2014-01-09,"3,915.71","121,792"
2014-01-10,"3,950.23","122,866"
2014-01-13,"3,964.89","123,322"
2014-01-14,"3,935.21","122,399"
2014-01-15,"3,932.68","122,320"
2014-01-16,"3,929.06","122,207"
2014-01-17,"4,001.22","124,452"
2014-01-20,"3,966.63","123,376"
2014-01-21,"3,934.36","122,372"
2014-01-22,"3,933.52","122,346"
2014-01-23,"4,006.65","124,621"
2014-01-24,"4,107.33","127,752"
2014-01-27,"4,077.82","126,834"
2014-01-28,"4,041.92","125,718"
2014-01-29,"4,069.29","126,569"
2014-01-30,"4,011.14","124,760"
2014-01-31,"4,028.32","125,295"
2014-02-03,"4,040.28","125,667"
2014-02-04,"4,031.93","125,407"
2014-02-05,"4,042.57","125,738"
2014-02-06,"4,013.98","124,849"
2014-02-07,"4,038.99","125,627"
2014-02-10,"4,089.95","127,212"
2014-02-11,"4,140.47","128,783"
2014-02-12,"4,117.16","128,058"
2014-02-13,"4,168.29","129,648"
2014-02-14,"4,205.06","130,792"
2014-02-17,"4,224.36","131,392"
2014-02-18,"4,216.73","131,155"
2014-02-19,"4,202.02","130,697"
2014-02-20,"4,225.07","131,414"
2014-02-21,"4,217.10","131,167"
2014-02-24,"4,277.34","133,040"
2014-02-25,"4,269.78","132,805"
2014-02-26,"4,254.12","132,318"
2014-02-27,"4,227.01","131,475"
2014-02-28,"4,210.94","130,975"
2014-03-03,"4,318.01","134,305"
2014-03-04,"4,248.22","132,135"
2014-03-05,"4,233.86","131,688"
2014-03-06,"4,210.40","130,958"
2014-03-07,"4,216.76","131,156"
2014-03-10,"4,189.11","130,296"
2014-03-11,"4,226.85","131,470"
2014-03-12,"4,288.86","133,398"
2014-03-13,"4,334.76","134,826"
2014-03-14,"4,337.32","134,906"
2014-03-17,"4,282.84","133,211"
2014-03-18,"4,257.41","132,420"
2014-03-19,"4,202.67","130,718"
2014-03-20,"4,183.88","130,133"
2014-03-21,"4,177.81","129,944"
2014-03-24,"4,069.44","126,574"
2014-03-25,"4,067.95","126,527"
2014-03-26,"4,031.38","125,390"
2014-03-27,"4,004.33","124,549"
2014-03-28,"3,973.01","123,574"
2014-03-31,"3,968.24","123,426"
2014-04-01,"3,947.16","122,770"
2014-04-02,"3,974.88","123,633"
2014-04-03,"3,994.99","124,258"
2014-04-04,"4,035.11","125,506"
2014-04-07,"4,003.73","124,530"
2014-04-08,"4,027.56","125,271"
2014-04-09,"4,039.64","125,647"
2014-04-10,"4,072.31","126,663"
2014-04-11,"4,083.79","127,020"
2014-04-14,"4,110.46","127,850"
2014-04-15,"4,031.19","125,384"
2014-04-16,"4,047.81","125,901"
2014-04-17,"4,034.80","125,496"
2014-04-21,"4,025.61","125,210"
2014-04-22,"4,022.49","125,113"
2014-04-23,"4,038.71","125,618"
2014-04-24,"4,058.06","126,220"
2014-04-25,"4,062.85","126,369"
2014-04-28,"4,040.52","125,674"
2014-04-29,"4,042.29","125,729"
2014-04-30,"3,994.97","124,257"
2014-05-01,"3,974.67","123,626"
2014-05-02,"4,022.02","125,099"
2014-05-05,"4,050.84","125,995"
2014-05-06,"4,040.45","125,672"
2014-05-07,"3,988.11","124,044"
2014-05-08,"4,010.95","124,755"
2014-05-09,"3,987.70","124,031"
2014-05-12,"3,989.51","124,088"
2014-05-13,"3,978.76","123,753"
2014-05-14,"3,990.24","124,110"
2014-05-15,"3,928.98","122,205"
2014-05-16,"3,928.08","122,177"
2014-05-19,"3,887.65","120,919"
2014-05-20,"3,911.26","121,654"
2014-05-21,"3,904.49","121,443"
2014-05-22,"3,895.17","121,153"
2014-05-23,"3,875.96","120,556"
2014-05-26,"3,906.99","121,521"
2014-05-27,"3,837.92","119,373"
2014-05-28,"3,845.56","119,610"
2014-05-29,"3,807.70","118,433"
2014-05-30,"3,792.41","117,957"
2014-06-02,"3,781.02","117,603"
2014-06-03,"3,790.29","117,891"
2014-06-04,"3,800.82","118,219"
2014-06-05,"3,807.14","118,415"
2014-06-06,"3,810.94","118,534"
2014-06-09,"3,816.61","118,710"
2014-06-10,"3,841.43","119,482"
2014-06-11,"3,843.04","119,532"
2014-06-12,"3,873.88","120,491"
2014-06-13,"3,922.32","121,998"
2014-06-16,"3,920.17","121,931"
2014-06-17,"3,936.94","122,453"
2014-06-18,"3,955.83","123,040"
2014-06-19,"4,088.53","127,167"
2014-06-20,"4,066.64","126,487"
2014-06-23,"4,073.49","126,700"
2014-06-24,"4,081.28","126,942"
2014-06-25,"4,071.82","126,648"
2014-06-26,"4,074.76","126,739"
2014-06-27,"4,057.08","126,189"
2014-06-30,"4,092.43","127,289"
2014-07-01,"4,101.27","127,564"
2014-07-02,"4,074.98","126,746"
2014-07-03,"4,070.05","126,593"
2014-07-04,"4,060.70","126,302"
2014-07-07,"4,072.81","126,679"
2014-07-08,"4,055.29","126,134"
2014-07-09,"4,069.96","126,590"
2014-07-10,"4,121.96","128,207"
2014-07-11,"4,132.36","128,531"
2014-07-14,"4,043.67","125,772"
2014-07-15,"4,014.50","124,865"
2014-07-16,"4,021.38","125,079"
2014-07-17,"4,072.65","126,673"
2014-07-18,"4,067.56","126,515"
2014-07-21,"4,070.66","126,612"
2014-07-22,"4,056.68","126,177"
2014-07-23,"4,033.90","125,468"
2014-07-24,"4,000.89","124,441"
2014-07-25,"4,046.96","125,874"
2014-07-28,"4,032.14","125,414"
2014-07-29,"4,015.48","124,895"
2014-07-30,"4,004.46","124,553"
2014-07-31,"3,989.86","124,099"
2014-08-01,"4,052.21","126,038"
2014-08-04,"4,038.72","125,618"
2014-08-05,"4,054.97","126,124"
2014-08-06,"4,113.34","127,939"
2014-08-07,"4,142.49","128,846"
2014-08-08,"4,121.55","128,195"
2014-08-11,"4,119.45","128,129"
2014-08-12,"4,126.39","128,345"
2014-08-13,"4,133.73","128,573"
2014-08-14,"4,110.18","127,841"
2014-08-15,"4,071.90","126,650"
2014-08-18,"4,064.35","126,415"
2014-08-19,"4,054.26","126,102"
2014-08-20,"4,060.79","126,305"
2014-08-21,"3,979.34","123,771"
2014-08-22,"4,004.58","124,556"
2014-08-25,"3,978.98","123,760"
2014-08-26,"3,993.90","124,224"
2014-08-27,"3,985.85","123,974"
2014-08-28,"4,020.74","125,059"
2014-08-29,"4,024.98","125,191"
2014-09-01,"4,026.17","125,228"
2014-09-02,"3,944.90","122,700"
2014-09-03,"3,950.07","122,861"
2014-09-04,"3,980.76","123,815"
2014-09-05,"3,943.65","122,661"
2014-09-08,"3,908.23","121,560"
2014-09-09,"3,895.99","121,179"
2014-09-10,"3,925.04","122,082"
2014-09-11,"3,894.22","121,124"
2014-09-12,"3,834.10","119,254"
2014-09-15,"3,846.01","119,624"
2014-09-16,"3,868.41","120,321"
2014-09-17,"3,874.24","120,502"
2014-09-18,"3,850.44","119,762"
2014-09-19,"3,821.01","118,847"
2014-09-22,"3,800.22","118,200"
2014-09-23,"3,847.17","119,660"
2014-09-24,"3,849.52","119,734"
2014-09-25,"3,857.28","119,975"
2014-09-26,"3,851.48","119,795"
2014-09-29,"3,842.66","119,520"
2014-09-30,"3,829.67","119,116"
2014-10-01,"3,839.15","119,411"
2014-10-02,"3,833.76","119,243"
2014-10-03,"3,809.58","118,491"
2014-10-06,"3,789.47","117,866"
2014-10-07,"3,799.50","118,178"
2014-10-08,"3,820.30","118,825"
2014-10-09,"3,855.81","119,929"
2014-10-10,"3,879.79","120,675"
2014-10-13,"3,874.91","120,523"
2014-10-14,"3,886.58","120,886"
2014-10-15,"3,863.95","120,182"
2014-10-16,"3,863.23","120,160"
2014-10-17,"3,930.82","122,262"
2014-10-20,"3,925.79","122,106"
2014-10-21,"3,956.03","123,046"
2014-10-22,"3,950.97","122,889"
2014-10-23,"3,884.82","120,831"
2014-10-24,"3,868.11","120,312"
2014-10-26,"3,866.22","120,253"
2014-10-27,"3,856.63","119,954"
2014-10-28,"3,853.41","119,854"
2014-10-29,"3,849.55","119,734"
2014-10-30,"3,814.99","118,659"
2014-10-31,"3,719.40","115,686"
2014-11-03,"3,708.06","115,333"
2014-11-04,"3,675.90","114,333"
2014-11-05,"3,605.63","112,148"
2014-11-06,"3,651.00","113,559"
2014-11-07,"3,786.71","117,780"
2014-11-10,"3,645.09","113,375"
2014-11-11,"3,667.18","114,062"
2014-11-12,"3,687.50","114,694"
2014-11-13,"3,677.13","114,372"
2014-11-14,"3,751.62","116,688"
2014-11-17,"3,784.85","117,722"
2014-11-18,"3,798.23","118,138"
2014-11-19,"3,768.58","117,216"
2014-11-20,"3,803.04","118,288"
2014-11-21,"3,823.25","118,916"
2014-11-24,"3,810.98","118,535"
2014-11-25,"3,811.56","118,553"
2014-11-26,"3,796.70","118,090"
2014-11-27,"3,804.86","118,344"
2014-11-28,"3,733.27","116,118"
2014-12-01,"3,861.90","120,118"
2014-12-02,"3,828.81","119,089"
2014-12-03,"3,853.42","119,855"
2014-12-04,"3,818.14","118,757"
2014-12-05,"3,813.65","118,618"
2014-12-08,"3,812.43","118,580"
2014-12-09,"3,881.99","120,743"
2014-12-10,"3,871.48","120,416"
2014-12-11,"3,954.35","122,994"
2014-12-12,"3,922.24","121,995"
2014-12-15,"3,861.13","120,095"
2014-12-16,"3,845.51","119,609"
2014-12-17,"3,949.38","122,839"
2014-12-18,"3,973.52","123,590"
2014-12-19,"3,893.22","121,093"
2014-12-22,"3,836.94","119,342"
2014-12-23,"3,849.76","119,741"
2014-12-24,"3,840.30","119,447"
2014-12-25,"3,825.68","118,992"
2014-12-26,"3,914.87","121,766"
2014-12-29,"3,885.45","120,851"
2014-12-30,"3,942.26","122,618"
2014-12-31,"3,854.51","119,889"
2015-01-01,"3,858.61","120,016"
2015-01-02,"3,892.38","121,067"
2015-01-05,"3,967.00","123,387"
2015-01-06,"3,985.43","123,961"
2015-01-07,"3,975.51","123,652"
2015-01-08,"3,935.57","122,410"
2015-01-09,"3,910.64","121,634"
2015-01-11,"3,905.99","121,490"
2015-01-12,"3,946.52","122,751"
2015-01-13,"3,945.07","122,705"
2015-01-14,"3,928.49","122,190"
2015-01-15,"4,082.68","126,986"
2015-01-16,"4,117.40","128,065"
2015-01-19,"4,044.50","125,798"
2015-01-20,"4,118.18","128,090"
2015-01-21,"4,084.82","127,052"
2015-01-22,"4,222.91","131,347"
2015-01-23,"4,076.93","126,807"
2015-01-26,"4,050.23","125,976"
2015-01-27,"4,036.30","125,543"
2015-01-28,"4,080.93","126,931"
2015-01-29,"3,984.02","123,917"
2015-01-30,"4,108.16","127,778"
2015-02-02,"4,056.58","126,174"
2015-02-03,"4,002.56","124,494"
2015-02-04,"4,036.22","125,540"
2015-02-05,"4,015.51","124,896"
2015-02-06,"3,918.90","121,891"
2015-02-09,"3,961.89","123,229"
2015-02-10,"3,939.79","122,541"
2015-02-11,"3,901.51","121,351"
2015-02-12,"3,902.10","121,369"
2015-02-13,"3,928.76","122,198"
2015-02-16,"3,939.80","122,541"
2015-02-17,"3,869.32","120,349"
2015-02-18,"3,889.49","120,977"
2015-02-19,"3,868.83","120,334"
2015-02-20,"3,848.51","119,702"
2015-02-23,"3,848.37","119,698"
2015-02-24,"3,848.30","119,696"
2015-02-25,"3,840.03","119,438"
2015-02-26,"3,840.59","119,456"
2015-02-27,"3,859.41","120,041"
2015-03-02,"3,846.11","119,628"
2015-03-03,"3,834.52","119,267"
2015-03-04,"3,840.18","119,443"
2015-03-05,"3,818.31","118,763"
2015-03-06,"3,741.75","116,381"
2015-03-09,"3,755.69","116,815"
2015-03-10,"3,752.14","116,704"
2015-03-11,"3,729.90","116,013"
2015-03-12,"3,712.01","115,457"
2015-03-13,"3,753.77","116,755"
2015-03-16,"3,732.67","116,099"
2015-03-17,"3,707.56","115,318"
2015-03-18,"3,765.69","117,126"
2015-03-19,"3,771.20","117,298"
2015-03-20,"3,798.96","118,161"
2015-03-23,"3,816.96","118,721"
2015-03-24,"3,812.28","118,575"
2015-03-25,"3,838.85","119,402"
2015-03-26,"3,887.87","120,926"
2015-03-27,"3,854.14","119,877"
2015-03-29,"3,847.07","119,657"
2015-03-30,"3,821.06","118,848"
2015-03-31,"3,809.72","118,495"
2015-04-01,"3,876.59","120,575"
2015-04-02,"3,868.74","120,331"
2015-04-03,"3,898.36","121,252"
2015-04-06,"3,826.03","119,003"
2015-04-07,"3,871.63","120,421"
2015-04-08,"3,870.18","120,376"
2015-04-09,"3,854.82","119,898"
2015-04-10,"3,870.70","120,392"
2015-04-13,"3,843.60","119,549"
2015-04-14,"3,792.41","117,957"
2015-04-15,"3,860.90","120,087"
2015-04-16,"3,797.52","118,116"
2015-04-17,"3,863.39","120,165"
2015-04-20,"3,853.76","119,865"
2015-04-21,"3,893.21","121,093"
2015-04-22,"3,812.10","118,570"
2015-04-23,"3,855.85","119,930"
2015-04-24,"3,857.95","119,996"
2015-04-27,"3,895.87","121,175"
2015-04-28,"3,936.01","122,424"
2015-04-29,"3,923.96","122,049"
2015-04-30,"3,806.56","118,397"
2015-05-01,"3,850.33","119,759"
2015-05-04,"3,882.42","120,757"
2015-05-05,"3,897.39","121,222"
2015-05-06,"3,849.38","119,729"
2015-05-07,"3,915.68","121,791"
2015-05-08,"3,913.25","121,716"
2015-05-11,"3,862.41","120,134"
2015-05-12,"3,891.59","121,042"
2015-05-13,"4,003.06","124,509"
2015-05-14,"3,953.85","122,978"
2015-05-15,"3,999.44","124,396"
2015-05-18,"4,020.60","125,055"
2015-05-19,"3,957.46","123,091"
2015-05-20,"3,998.64","124,372"
2015-05-21,"3,950.51","122,875"
2015-05-22,"3,941.06","122,581"
2015-05-25,"4,020.75","125,059"
2015-05-26,"3,909.65","121,604"
2015-05-27,"3,915.25","121,778"
2015-05-28,"3,902.38","121,378"
2015-05-29,"3,912.10","121,680"
2015-06-01,"3,896.92","121,208"
2015-06-02,"3,921.75","121,980"
2015-06-03,"3,884.41","120,819"
2015-06-04,"3,875.15","120,531"
2015-06-05,"3,847.58","119,673"
2015-06-08,"3,845.78","119,617"
2015-06-09,"3,870.69","120,392"
2015-06-10,"3,874.48","120,510"
2015-06-11,"3,881.34","120,723"
2015-06-12,"3,898.45","121,255"
2015-06-15,"3,911.86","121,672"
2015-06-16,"3,870.89","120,398"
2015-06-17,"3,894.04","121,118"
2015-06-18,"3,921.75","121,980"
2015-06-19,"3,925.97","122,111"
2015-06-22,"3,868.85","120,335"
2015-06-23,"3,906.77","121,514"
2015-06-24,"3,860.31","120,069"
2015-06-25,"3,828.72","119,086"
2015-06-26,"3,843.37","119,542"
2015-06-29,"3,870.82","120,396"
2015-06-30,"3,842.69","119,521"
2015-07-01,"3,835.48","119,297"
2015-07-02,"3,827.36","119,044"
2015-07-03,"3,814.67","118,649"
2015-07-06,"3,808.39","118,454"
2015-07-07,"3,774.30","117,394"
2015-07-08,"3,768.12","117,202"
2015-07-09,"3,782.26","117,641"
2015-07-10,"3,790.69","117,904"
2015-07-13,"3,794.42","118,020"
2015-07-14,"3,755.82","116,819"
2015-07-15,"3,749.71","116,629"
2015-07-16,"3,741.53","116,375"
2015-07-17,"3,703.00","115,176"
2015-07-20,"3,596.71","111,870"
2015-07-21,"3,594.39","111,798"
2015-07-22,"3,556.57","110,622"
2015-07-23,"3,564.26","110,861"
2015-07-24,"3,617.51","112,517"
2015-07-27,"3,600.49","111,988"
2015-07-28,"3,598.62","111,930"
2015-07-29,"3,634.82","113,055"
2015-07-30,"3,584.88","111,502"
2015-07-31,"3,609.78","112,277"
2015-08-03,"3,580.83","111,376"
2015-08-04,"3,575.47","111,210"
2015-08-05,"3,549.89","110,414"
2015-08-06,"3,559.22","110,704"
2015-08-07,"3,593.44","111,768"
2015-08-10,"3,599.17","111,947"
2015-08-11,"3,609.38","112,264"
2015-08-12,"3,745.35","116,493"
2015-08-13,"3,738.46","116,279"
2015-08-14,"3,727.69","115,944"
2015-08-17,"3,755.25","116,801"
2015-08-18,"3,772.92","117,351"
2015-08-19,"3,814.57","118,646"
2015-08-20,"3,889.38","120,973"
2015-08-21,"3,933.03","122,331"
2015-08-24,"3,950.88","122,886"
2015-08-25,"3,929.06","122,208"
2015-08-26,"3,864.57","120,201"
2015-08-27,"3,882.41","120,756"
2015-08-28,"3,857.34","119,977"
2015-08-31,"3,879.44","120,664"
2015-09-01,"3,894.20","121,123"
2015-09-02,"3,858.14","120,001"
2015-09-03,"3,841.72","119,491"
2015-09-04,"3,838.99","119,406"
2015-09-07,"3,820.88","118,843"
2015-09-08,"3,840.43","119,451"
2015-09-09,"3,786.56","117,775"
2015-09-10,"3,782.42","117,646"
2015-09-11,"3,794.63","118,026"
2015-09-14,"3,780.12","117,575"
2015-09-15,"3,794.46","118,021"
2015-09-16,"3,810.61","118,523"
2015-09-17,"3,835.14","119,286"
2015-09-18,"3,853.60","119,860"
2015-09-21,"3,890.21","120,999"
2015-09-22,"3,812.84","118,592"
2015-09-23,"3,854.90","119,901"
2015-09-24,"3,944.91","122,700"
2015-09-25,"3,906.57","121,508"
2015-09-28,"3,851.80","119,804"
2015-09-29,"3,828.36","119,075"
2015-09-30,"3,777.92","117,506"
2015-10-01,"3,786.09","117,760"
2015-10-02,"3,837.63","119,364"
2015-10-05,"3,807.57","118,429"
2015-10-06,"3,858.52","120,013"
2015-10-07,"3,834.61","119,270"
2015-10-08,"3,789.85","117,877"
2015-10-09,"3,855.78","119,928"
2015-10-12,"3,876.12","120,561"
2015-10-13,"3,913.45","121,722"
2015-10-14,"3,933.85","122,356"
2015-10-15,"3,950.55","122,876"
2015-10-16,"3,926.94","122,142"
2015-10-19,"3,903.85","121,423"
2015-10-20,"3,907.44","121,535"
2015-10-21,"3,912.78","121,701"
2015-10-22,"3,946.52","122,750"
2015-10-23,"3,888.78","120,955"
2015-10-26,"3,884.42","120,819"
2015-10-27,"3,900.14","121,308"
2015-10-28,"3,863.60","120,171"
2015-10-29,"3,846.15","119,629"
2015-10-30,"3,840.90","119,465"
2015-11-02,"3,838.43","119,388"
2015-11-03,"3,777.04","117,479"
2015-11-04,"3,763.35","117,053"
2015-11-05,"3,759.94","116,947"
2015-11-06,"3,687.43","114,692"
2015-11-09,"3,739.77","116,320"
2015-11-10,"3,712.15","115,461"
2015-11-11,"3,687.44","114,692"
2015-11-12,"3,654.56","113,670"
2015-11-13,"3,687.35","114,690"
2015-11-16,"3,699.83","115,078"
2015-11-17,"3,665.24","114,002"
2015-11-18,"3,630.56","112,923"
2015-11-19,"3,678.80","114,424"
2015-11-20,"3,671.68","114,202"
2015-11-23,"3,641.51","113,264"
2015-11-24,"3,668.76","114,111"
2015-11-25,"3,664.25","113,971"
2015-11-26,"3,654.37","113,664"
2015-11-27,"3,631.01","112,937"
2015-11-30,"3,650.88","113,555"
2015-12-01,"3,646.78","113,427"
2015-12-02,"3,601.86","112,030"
2015-12-03,"3,525.22","109,647"
2015-12-04,"3,734.45","116,154"
2015-12-07,"3,695.61","114,946"
2015-12-08,"3,683.62","114,573"
2015-12-09,"3,636.23","113,099"
2015-12-10,"3,669.61","114,138"
2015-12-11,"3,694.10","114,899"
2015-12-14,"3,641.54","113,265"
2015-12-15,"3,672.39","114,224"
2015-12-16,"3,647.17","113,440"
2015-12-17,"3,627.29","112,821"
2015-12-18,"3,642.56","113,296"
2015-12-21,"3,651.53","113,575"
2015-12-22,"3,628.26","112,852"
2015-12-23,"3,659.20","113,814"
2015-12-24,"3,646.10","113,407"
2015-12-25,"3,664.64","113,983"
2015-12-28,"3,631.70","112,959"
2015-12-29,"3,660.06","113,841"
2015-12-30,"3,625.90","112,778"
2015-12-31,"3,630.56","112,923"
2016-01-04,"3,676.92","114,365"
2016-01-05,"3,745.87","116,510"
2016-01-06,"3,737.31","116,243"
2016-01-07,"3,795.98","118,068"
2016-01-08,"3,787.51","117,805"
2016-01-11,"3,772.91","117,351"
2016-01-12,"3,733.71","116,131"
2016-01-13,"3,744.83","116,477"
2016-01-14,"3,742.88","116,417"
2016-01-15,"3,789.05","117,853"
2016-01-18,"3,796.13","118,073"
2016-01-19,"3,765.68","117,126"
2016-01-20,"3,859.45","120,042"
2016-01-21,"3,862.76","120,145"
2016-01-22,"3,821.27","118,855"
2016-01-25,"3,851.91","119,808"
2016-01-26,"3,895.99","121,179"
2016-01-27,"3,924.28","122,059"
2016-01-28,"3,903.98","121,427"
2016-01-29,"3,904.86","121,455"
2016-02-01,"3,938.61","122,505"
2016-02-02,"3,949.67","122,848"
2016-02-03,"3,943.56","122,658"
2016-02-04,"4,031.20","125,384"
2016-02-05,"4,085.29","127,067"
2016-02-08,"4,153.80","129,198"
2016-02-09,"4,126.42","128,346"
2016-02-10,"4,184.34","130,148"
2016-02-11,"4,396.24","136,738"
2016-02-12,"4,340.42","135,002"
2016-02-15,"4,248.62","132,147"
2016-02-16,"4,238.05","131,818"
2016-02-17,"4,267.24","132,726"
2016-02-18,"4,337.95","134,925"
2016-02-19,"4,326.99","134,584"
2016-02-22,"4,262.40","132,575"
2016-02-23,"4,351.64","135,351"
2016-02-24,"4,316.96","134,273"
2016-02-25,"4,367.52","135,845"
2016-02-26,"4,321.99","134,429"
2016-02-29,"4,355.68","135,477"
2016-03-01,"4,304.37","133,881"
2016-03-02,"4,280.12","133,126"
2016-03-03,"4,371.36","135,964"
2016-03-04,"4,346.62","135,195"
2016-03-07,"4,345.83","135,170"
2016-03-08,"4,367.08","135,831"
2016-03-09,"4,334.02","134,803"
2016-03-10,"4,367.71","135,851"
2016-03-11,"4,302.14","133,812"
2016-03-13,"4,291.05","133,466"
2016-03-14,"4,266.64","132,707"
2016-03-15,"4,271.71","132,865"
2016-03-16,"4,312.69","134,140"
2016-03-17,"4,324.82","134,517"
2016-03-18,"4,297.44","133,665"
2016-03-21,"4,253.60","132,302"
2016-03-22,"4,285.43","133,292"
2016-03-23,"4,170.17","129,707"
2016-03-24,"4,175.37","129,868"
2016-03-25,"4,173.59","129,813"
2016-03-28,"4,162.67","129,474"
2016-03-29,"4,220.87","131,284"
2016-03-30,"4,187.10","130,233"
2016-03-31,"4,212.30","131,017"
2016-04-01,"4,165.07","129,548"
2016-04-04,"4,136.28","128,653"
2016-04-05,"4,178.13","129,954"
2016-04-06,"4,218.32","131,205"
2016-04-07,"4,263.79","132,619"
2016-04-08,"4,243.64","131,992"
2016-04-11,"4,297.85","133,678"
2016-04-12,"4,297.18","133,657"
2016-04-13,"4,259.92","132,498"
2016-04-14,"4,197.19","130,547"
2016-04-15,"4,238.89","131,844"
2016-04-18,"4,188.08","130,264"
2016-04-19,"4,263.05","132,596"
2016-04-20,"4,249.60","132,177"
2016-04-21,"4,279.09","133,095"
2016-04-22,"4,201.67","130,686"
2016-04-25,"4,228.69","131,527"
2016-04-26,"4,247.33","132,107"
2016-04-27,"4,279.55","133,109"
2016-04-28,"4,333.87","134,799"
2016-04-29,"4,365.77","135,791"
2016-05-02,"4,403.28","136,957"
2016-05-03,"4,428.59","137,744"
2016-05-04,"4,378.50","136,187"
2016-05-05,"4,374.60","136,065"
2016-05-06,"4,413.88","137,287"
2016-05-09,"4,326.49","134,569"
2016-05-10,"4,341.96","135,050"
2016-05-11,"4,380.05","136,235"
2016-05-12,"4,331.46","134,724"
2016-05-13,"4,374.31","136,056"
2016-05-16,"4,378.81","136,196"
2016-05-17,"4,399.86","136,851"
2016-05-18,"4,334.74","134,825"
2016-05-19,"4,348.24","135,245"
2016-05-20,"4,347.50","135,222"
2016-05-23,"4,335.31","134,843"
2016-05-24,"4,272.38","132,886"
2016-05-25,"4,230.35","131,579"
2016-05-26,"4,219.21","131,232"
2016-05-27,"4,180.57","130,030"
2016-05-30,"4,168.81","129,665"
2016-05-31,"4,206.21","130,828"
2016-06-01,"4,208.25","130,891"
2016-06-02,"4,186.89","130,227"
2016-06-03,"4,308.84","134,020"
2016-06-06,"4,294.05","133,560"
2016-06-07,"4,271.18","132,848"
2016-06-08,"4,340.52","135,005"
2016-06-09,"4,358.07","135,551"
2016-06-10,"4,377.29","136,149"
2016-06-13,"4,467.22","138,946"
2016-06-14,"4,442.46","138,176"
2016-06-15,"4,434.92","137,941"
2016-06-16,"4,420.33","137,488"
2016-06-17,"4,492.00","139,717"
2016-06-20,"4,472.19","139,101"
2016-06-21,"4,389.88","136,541"
2016-06-22,"4,392.67","136,627"
2016-06-23,"4,345.63","135,164"
2016-06-24,"4,656.10","144,821"
2016-06-27,"4,632.99","144,102"
2016-06-28,"4,603.59","143,188"
2016-06-29,"4,591.99","142,827"
2016-06-30,"4,590.66","142,785"
2016-07-01,"4,651.19","144,668"
2016-07-04,"4,674.74","145,401"
2016-07-05,"4,707.49","146,419"
2016-07-06,"4,734.25","147,251"
2016-07-07,"4,725.43","146,977"
2016-07-08,"4,735.00","147,275"
2016-07-11,"4,682.89","145,654"
2016-07-12,"4,603.52","143,185"
2016-07-13,"4,631.13","144,044"
2016-07-14,"4,595.60","142,939"
2016-07-15,"4,616.36","143,585"
2016-07-18,"4,582.95","142,546"
2016-07-19,"4,601.73","143,130"
2016-07-20,"4,549.12","141,494"
2016-07-21,"4,601.19","143,113"
2016-07-22,"4,563.56","141,942"
2016-07-25,"4,556.97","141,738"
2016-07-26,"4,568.56","142,098"
2016-07-27,"4,655.83","144,812"
2016-07-28,"4,608.94","143,354"
2016-07-29,"4,655.37","144,798"
2016-08-01,"4,645.79","144,500"
2016-08-02,"4,682.35","145,637"
2016-08-03,"4,678.81","145,527"
2016-08-04,"4,687.94","145,811"
2016-08-05,"4,588.78","142,727"
2016-08-08,"4,591.32","142,806"
2016-08-09,"4,611.44","143,432"
2016-08-10,"4,619.02","143,668"
2016-08-11,"4,602.44","143,152"
2016-08-12,"4,594.02","142,890"
2016-08-15,"4,636.25","144,204"
2016-08-16,"4,623.50","143,807"
2016-08-17,"4,631.89","144,068"
2016-08-18,"4,652.99","144,724"
2016-08-19,"4,625.89","143,881"
2016-08-22,"4,627.93","143,945"
2016-08-23,"4,615.01","143,543"
2016-08-24,"4,570.64","142,163"
2016-08-25,"4,557.06","141,740"
2016-08-26,"4,557.35","141,750"
2016-08-29,"4,574.98","142,298"
2016-08-30,"4,522.93","140,679"
2016-08-31,"4,508.41","140,227"
2016-09-01,"4,531.82","140,955"
2016-09-02,"4,556.47","141,722"
2016-09-05,"4,558.74","141,793"
2016-09-06,"4,621.56","143,747"
2016-09-07,"4,595.78","142,945"
2016-09-08,"4,573.24","142,244"
2016-09-09,"4,560.68","141,853"
2016-09-12,"4,568.49","142,096"
2016-09-13,"4,538.78","141,172"
2016-09-14,"4,551.51","141,568"
2016-09-15,"4,529.30","140,877"
2016-09-16,"4,517.54","140,511"
2016-09-19,"4,525.49","140,759"
2016-09-20,"4,534.62","141,042"
2016-09-21,"4,628.23","143,954"
2016-09-22,"4,610.12","143,391"
2016-09-23,"4,586.99","142,671"
2016-09-26,"4,587.51","142,687"
2016-09-27,"4,539.04","141,180"
2016-09-28,"4,518.16","140,530"
2016-09-29,"4,542.61","141,291"
2016-09-30,"4,491.74","139,709"
2016-10-03,"4,490.74","139,677"
2016-10-04,"4,340.13","134,993"
2016-10-05,"4,323.00","134,460"
2016-10-06,"4,303.55","133,855"
2016-10-07,"4,316.33","134,253"
2016-10-10,"4,289.73","133,426"
2016-10-11,"4,289.79","133,427"
2016-10-12,"4,297.96","133,682"
2016-10-13,"4,338.02","134,927"
2016-10-14,"4,291.77","133,489"
2016-10-17,"4,318.56","134,322"
2016-10-18,"4,341.13","135,024"
2016-10-19,"4,354.04","135,426"
2016-10-20,"4,343.65","135,103"
2016-10-21,"4,358.80","135,574"
2016-10-24,"4,346.28","135,184"
2016-10-25,"4,382.61","136,314"
2016-10-26,"4,351.01","135,332"
2016-10-27,"4,362.05","135,675"
2016-10-28,"4,411.14","137,202"
2016-10-31,"4,364.84","135,762"
2016-11-01,"4,434.19","137,919"
2016-11-02,"4,457.84","138,654"
2016-11-03,"4,472.60","139,113"
2016-11-04,"4,470.73","139,055"
2016-11-07,"4,400.00","136,855"
2016-11-08,"4,371.88","135,981"
2016-11-09,"4,369.93","135,920"
2016-11-10,"4,314.13","134,185"
2016-11-11,"4,234.11","131,696"
2016-11-14,"4,217.86","131,190"
2016-11-15,"4,278.31","133,070"
2016-11-16,"4,273.00","132,905"
2016-11-17,"4,242.95","131,970"
2016-11-18,"4,237.98","131,816"
2016-11-21,"4,251.59","132,239"
2016-11-22,"4,253.48","132,298"
2016-11-23,"4,185.99","130,199"
2016-11-24,"4,186.73","130,222"
2016-11-25,"4,171.22","129,740"
2016-11-28,"4,220.49","131,272"
2016-11-29,"4,198.37","130,584"
2016-11-30,"4,131.39","128,501"
2016-12-01,"4,121.06","128,179"
2016-12-02,"4,132.06","128,521"
2016-12-05,"4,109.59","127,823"
2016-12-06,"4,088.65","127,171"
2016-12-07,"4,090.90","127,241"
2016-12-08,"4,054.01","126,094"
2016-12-09,"4,018.29","124,983"
2016-12-11,"4,016.15","124,916"
2016-12-12,"4,036.08","125,536"
2016-12-13,"4,024.08","125,163"
2016-12-14,"3,971.81","123,537"
2016-12-15,"3,938.34","122,496"
2016-12-16,"3,953.30","122,961"
2016-12-19,"3,971.30","123,521"
2016-12-20,"3,962.23","123,239"
2016-12-21,"3,946.48","122,749"
2016-12-22,"3,950.30","122,868"
2016-12-23,"3,955.74","123,037"
2016-12-26,"3,957.50","123,092"
2016-12-27,"3,986.85","124,005"
2016-12-28,"4,003.12","124,511"
2016-12-29,"4,056.58","126,174"
2016-12-30,"4,021.28","125,076"
2017-01-02,"4,022.69","125,120"
2017-01-03,"4,073.23","126,692"
2017-01-04,"4,074.82","126,741"
2017-01-05,"4,125.72","128,324"
2017-01-06,"4,101.37","127,567"
2017-01-09,"4,145.60","128,942"
2017-01-10,"4,163.67","129,505"
2017-01-11,"4,189.55","130,309"
2017-01-12,"4,187.92","130,259"
2017-01-13,"4,202.72","130,719"
2017-01-16,"4,216.42","131,145"
2017-01-17,"4,255.60","132,364"
2017-01-18,"4,216.89","131,160"
2017-01-19,"4,224.26","131,389"
2017-01-20,"4,242.27","131,949"
2017-01-23,"4,272.32","132,884"
2017-01-24,"4,239.77","131,872"
2017-01-25,"4,203.59","130,746"
2017-01-26,"4,162.12","129,456"
2017-01-27,"4,173.41","129,807"
2017-01-30,"4,178.46","129,965"
2017-01-31,"4,223.72","131,372"
2017-02-01,"4,203.84","130,754"
2017-02-02,"4,216.92","131,161"
2017-02-03,"4,224.31","131,391"
2017-02-06,"4,271.65","132,863"
2017-02-07,"4,275.59","132,986"
2017-02-08,"4,296.72","133,643"
2017-02-09,"4,231.27","131,607"
2017-02-10,"4,242.90","131,969"
2017-02-13,"4,224.20","131,387"
2017-02-14,"4,230.84","131,594"
2017-02-15,"4,242.95","131,971"
2017-02-16,"4,275.00","132,967"
2017-02-17,"4,256.73","132,399"
2017-02-20,"4,262.74","132,586"
2017-02-21,"4,254.78","132,338"
2017-02-22,"4,264.41","132,638"
2017-02-23,"4,294.86","133,585"
2017-02-24,"4,321.35","134,409"
2017-02-27,"4,301.87","133,803"
2017-02-28,"4,285.37","133,290"
2017-03-01,"4,294.01","133,559"
2017-03-02,"4,235.05","131,725"
2017-03-03,"4,242.22","131,948"
2017-03-06,"4,206.80","130,846"
2017-03-07,"4,169.09","129,673"
2017-03-08,"4,145.77","128,948"
2017-03-09,"4,123.14","128,244"
2017-03-10,"4,123.92","128,268"
2017-03-13,"4,123.47","128,254"
2017-03-14,"4,066.24","126,474"
2017-03-15,"4,120.88","128,174"
2017-03-16,"4,131.42","128,501"
2017-03-17,"4,141.33","128,810"
2017-03-20,"4,148.29","129,026"
2017-03-21,"4,178.64","129,970"
2017-03-22,"4,206.26","130,829"
2017-03-23,"4,199.20","130,610"
2017-03-24,"4,187.27","130,239"
2017-03-27,"4,199.89","130,631"
2017-03-28,"4,191.55","130,372"
2017-03-29,"4,182.81","130,100"
2017-03-30,"4,151.99","129,141"
2017-03-31,"4,173.49","129,810"
2017-04-03,"4,192.98","130,416"
2017-04-04,"4,203.27","130,736"
2017-04-05,"4,191.73","130,377"
2017-04-06,"4,162.26","129,461"
2017-04-07,"4,143.30","128,871"
2017-04-10,"4,166.32","129,587"
2017-04-11,"4,227.11","131,478"
2017-04-12,"4,281.99","133,185"
2017-04-13,"4,267.31","132,728"
2017-04-14,"4,260.38","132,513"
2017-04-17,"4,258.62","132,458"
2017-04-18,"4,284.63","133,267"
2017-04-19,"4,250.50","132,205"
2017-04-20,"4,259.48","132,485"
2017-04-21,"4,267.70","132,740"
2017-04-24,"4,228.05","131,507"
2017-04-25,"4,178.65","129,970"
2017-04-26,"4,184.85","130,163"
2017-04-27,"4,172.60","129,782"
2017-04-28,"4,197.31","130,551"
2017-05-01,"4,159.06","129,361"
2017-05-02,"4,151.86","129,137"
2017-05-03,"4,086.80","127,114"
2017-05-04,"4,053.81","126,088"
2017-05-05,"4,064.43","126,418"
2017-05-08,"4,056.09","126,159"
2017-05-09,"4,062.55","126,359"
2017-05-10,"4,055.00","126,125"
2017-05-11,"4,057.11","126,190"
2017-05-12,"4,066.51","126,483"
2017-05-15,"4,060.10","126,283"
2017-05-16,"4,077.88","126,836"
2017-05-17,"4,158.98","129,359"
2017-05-18,"4,160.32","129,401"
2017-05-19,"4,175.97","129,887"
2017-05-22,"4,184.92","130,166"
2017-05-23,"4,171.53","129,749"
2017-05-24,"4,192.56","130,403"
2017-05-25,"4,173.81","129,820"
2017-05-26,"4,199.57","130,621"
2017-05-29,"4,203.09","130,731"
2017-05-30,"4,200.45","130,648"
2017-05-31,"4,210.86","130,972"
2017-06-01,"4,202.12","130,701"
2017-06-02,"4,244.60","132,022"
2017-06-05,"4,237.54","131,802"
2017-06-06,"4,289.61","133,422"
2017-06-07,"4,259.38","132,481"
2017-06-08,"4,230.04","131,569"
2017-06-09,"4,186.50","130,215"
2017-06-12,"4,197.17","130,547"
2017-06-13,"4,191.52","130,371"
2017-06-14,"4,170.41","129,714"
2017-06-15,"4,157.00","129,297"
2017-06-16,"4,154.68","129,225"
2017-06-19,"4,119.34","128,126"
2017-06-20,"4,121.99","128,208"
2017-06-21,"4,136.91","128,672"
2017-06-22,"4,153.20","129,179"
2017-06-23,"4,171.15","129,737"
2017-06-26,"4,129.76","128,450"
2017-06-27,"4,137.73","128,698"
2017-06-28,"4,151.17","129,116"
2017-06-29,"4,140.45","128,782"
2017-06-30,"4,128.27","128,404"
2017-07-03,"4,072.26","126,662"
2017-07-04,"4,074.40","126,728"
2017-07-05,"4,089.47","127,197"
2017-07-06,"4,081.17","126,939"
2017-07-07,"4,029.77","125,340"
2017-07-10,"4,031.09","125,381"
2017-07-11,"4,044.66","125,803"
2017-07-12,"4,051.52","126,016"
2017-07-13,"4,036.17","125,539"
2017-07-14,"4,075.29","126,756"
2017-07-17,"4,087.13","127,124"
2017-07-18,"4,111.53","127,883"
2017-07-19,"4,106.34","127,721"
2017-07-20,"4,126.61","128,352"
2017-07-21,"4,153.72","129,195"
2017-07-24,"4,155.03","129,236"
2017-07-25,"4,136.72","128,666"
2017-07-26,"4,175.68","129,878"
2017-07-27,"4,151.77","129,134"
2017-07-28,"4,189.55","130,309"
2017-07-31,"4,189.54","130,309"
2017-08-01,"4,183.14","130,110"
2017-08-02,"4,145.76","128,947"
2017-08-03,"4,155.02","129,236"
2017-08-04,"4,119.35","128,126"
2017-08-07,"4,129.52","128,442"
2017-08-08,"4,126.31","128,343"
2017-08-09,"4,195.48","130,494"
2017-08-10,"4,241.27","131,918"
2017-08-11,"4,253.09","132,286"
2017-08-14,"4,228.36","131,517"
2017-08-15,"4,195.93","130,508"
2017-08-16,"4,234.35","131,703"
2017-08-17,"4,250.23","132,197"
2017-08-18,"4,237.91","131,814"
2017-08-21,"4,258.98","132,469"
2017-08-22,"4,238.60","131,835"
2017-08-23,"4,257.26","132,416"
2017-08-24,"4,237.81","131,811"
2017-08-25,"4,252.72","132,274"
2017-08-28,"4,307.87","133,990"
2017-08-29,"4,312.10","134,121"
2017-08-30,"4,306.03","133,932"
2017-08-31,"4,347.55","135,224"
2017-09-01,"4,363.64","135,724"
2017-09-04,"4,398.25","136,801"
2017-09-05,"4,417.20","137,390"
2017-09-06,"4,400.57","136,873"
2017-09-07,"4,445.43","138,268"
2017-09-08,"4,422.86","137,566"
2017-09-11,"4,364.08","135,738"
2017-09-12,"4,387.44","136,465"
2017-09-13,"4,355.63","135,475"
2017-09-14,"4,384.84","136,384"
2017-09-15,"4,352.59","135,381"
2017-09-18,"4,312.87","134,145"
2017-09-19,"4,338.05","134,928"
2017-09-20,"4,302.10","133,810"
2017-09-21,"4,304.49","133,885"
2017-09-22,"4,322.74","134,452"
2017-09-25,"4,390.82","136,570"
2017-09-26,"4,352.80","135,387"
2017-09-27,"4,329.29","134,656"
2017-09-28,"4,338.88","134,954"
2017-09-29,"4,298.48","133,698"
2017-10-02,"4,268.26","132,758"
2017-10-03,"4,282.48","133,200"
2017-10-04,"4,261.67","132,553"
2017-10-05,"4,245.69","132,056"
2017-10-06,"4,287.86","133,367"
2017-10-09,"4,318.41","134,318"
2017-10-10,"4,322.68","134,450"
2017-10-11,"4,329.78","134,671"
2017-10-12,"4,332.07","134,742"
2017-10-13,"4,357.63","135,537"
2017-10-16,"4,313.18","134,155"
2017-10-17,"4,292.63","133,516"
2017-10-18,"4,290.88","133,461"
2017-10-19,"4,319.81","134,361"
2017-10-20,"4,288.64","133,392"
2017-10-23,"4,287.11","133,344"
2017-10-24,"4,274.29","132,945"
2017-10-25,"4,267.85","132,745"
2017-10-26,"4,225.86","131,439"
2017-10-27,"4,259.92","132,498"
2017-10-30,"4,258.12","132,442"
2017-10-31,"4,237.55","131,803"
2017-11-01,"4,234.76","131,716"
2017-11-02,"4,244.51","132,019"
2017-11-03,"4,219.51","131,241"
2017-11-06,"4,267.80","132,743"
2017-11-07,"4,262.95","132,593"
2017-11-08,"4,282.57","133,203"
2017-11-09,"4,294.04","133,559"
2017-11-10,"4,268.13","132,754"
2017-11-13,"4,302.75","133,830"
2017-11-14,"4,308.41","134,006"
2017-11-15,"4,290.54","133,451"
2017-11-16,"4,292.83","133,522"
2017-11-17,"4,332.12","134,744"
2017-11-20,"4,276.28","133,007"
2017-11-21,"4,276.00","132,998"
2017-11-22,"4,316.37","134,254"
2017-11-23,"4,294.57","133,576"
2017-11-24,"4,286.88","133,337"
2017-11-27,"4,298.84","133,709"
2017-11-28,"4,289.49","133,418"
2017-11-29,"4,234.77","131,716"
2017-11-30,"4,227.83","131,500"
2017-12-01,"4,246.99","132,096"
2017-12-04,"4,227.20","131,481"
2017-12-05,"4,193.90","130,445"
2017-12-06,"4,197.07","130,544"
2017-12-07,"4,143.46","128,876"
2017-12-08,"4,139.89","128,765"
2017-12-11,"4,112.36","127,909"
2017-12-12,"4,123.44","128,253"
2017-12-13,"4,162.58","129,471"
2017-12-14,"4,148.53","129,034"
2017-12-15,"4,136.39","128,656"
2017-12-18,"4,166.09","129,580"
2017-12-19,"4,150.67","129,100"
2017-12-20,"4,172.40","129,776"
2017-12-21,"4,175.35","129,868"
2017-12-22,"4,202.97","130,727"
2017-12-25,"4,202.70","130,719"
2017-12-26,"4,234.98","131,723"
2017-12-27,"4,246.88","132,093"
2017-12-28,"4,269.50","132,796"
2017-12-29,"4,277.56","133,047"
2018-01-02,"4,300.14","133,749"
2018-01-03,"4,293.04","133,528"
2018-01-04,"4,330.80","134,703"
2018-01-05,"4,302.28","133,816"
2018-01-08,"4,307.34","133,973"
2018-01-09,"4,296.18","133,626"
2018-01-10,"4,308.71","134,016"
2018-01-11,"4,330.04","134,679"
2018-01-12,"4,371.61","135,972"
2018-01-15,"4,377.14","136,144"
2018-01-16,"4,410.61","137,185"
2018-01-17,"4,357.16","135,523"
2018-01-18,"4,350.95","135,330"
2018-01-19,"4,368.02","135,860"
2018-01-22,"4,381.50","136,280"
2018-01-23,"4,396.74","136,754"
2018-01-24,"4,449.81","138,405"
2018-01-25,"4,407.19","137,079"
2018-01-26,"4,422.37","137,551"
2018-01-29,"4,368.28","135,869"
2018-01-30,"4,382.44","136,309"
2018-01-31,"4,400.96","136,885"
2018-02-01,"4,430.00","137,788"
2018-02-02,"4,393.61","136,657"
2018-02-05,"4,421.01","137,509"
2018-02-06,"4,374.96","136,076"
2018-02-07,"4,361.88","135,670"
2018-02-08,"4,360.82","135,637"
2018-02-09,"4,360.67","135,632"
2018-02-12,"4,376.79","136,133"
2018-02-13,"4,398.05","136,795"
2018-02-14,"4,451.21","138,448"
2018-02-15,"4,451.14","138,446"
2018-02-16,"4,466.08","138,911"
2018-02-19,"4,449.39","138,392"
2018-02-20,"4,426.97","137,694"
2018-02-21,"4,408.44","137,118"
2018-02-22,"4,453.97","138,534"
2018-02-23,"4,424.20","137,608"
2018-02-26,"4,426.57","137,682"
2018-02-27,"4,401.10","136,889"
2018-02-28,"4,422.86","137,566"
2018-03-01,"4,419.33","137,456"
2018-03-02,"4,437.36","138,017"
2018-03-05,"4,422.53","137,556"
2018-03-06,"4,469.97","139,032"
2018-03-07,"4,419.41","137,459"
2018-03-08,"4,426.53","137,680"
2018-03-09,"4,435.48","137,959"
2018-03-12,"4,426.10","137,667"
2018-03-13,"4,444.08","138,226"
2018-03-14,"4,420.01","137,478"
2018-03-15,"4,384.92","136,386"
2018-03-16,"4,391.74","136,598"
2018-03-19,"4,402.55","136,934"
2018-03-20,"4,388.93","136,511"
2018-03-21,"4,469.10","139,004"
2018-03-22,"4,458.18","138,665"
2018-03-23,"4,507.15","140,188"
2018-03-26,"4,516.86","140,490"
2018-03-27,"4,493.90","139,776"
2018-03-28,"4,445.85","138,281"
2018-03-29,"4,445.76","138,278"
2018-04-02,"4,484.26","139,476"
2018-04-03,"4,459.35","138,701"
2018-04-04,"4,470.34","139,043"
2018-04-05,"4,435.73","137,967"
2018-04-06,"4,456.02","138,598"
2018-04-09,"4,469.14","139,006"
2018-04-10,"4,484.21","139,475"
2018-04-11,"4,540.07","141,212"
2018-04-12,"4,485.49","139,514"
2018-04-13,"4,514.50","140,417"
2018-04-16,"4,532.33","140,971"
2018-04-17,"4,550.03","141,522"
2018-04-18,"4,554.81","141,670"
2018-04-19,"4,551.36","141,563"
2018-04-20,"4,535.05","141,056"
2018-04-23,"4,529.96","140,898"
2018-04-24,"4,542.27","141,281"
2018-04-25,"4,551.92","141,580"
2018-04-26,"4,523.69","140,703"
2018-04-27,"4,541.42","141,254"
2018-04-30,"4,525.63","140,763"
2018-05-01,"4,468.11","138,974"
2018-05-02,"4,471.13","139,068"
2018-05-03,"4,505.26","140,129"
2018-05-04,"4,516.56","140,481"
2018-05-07,"4,521.18","140,624"
2018-05-08,"4,536.70","141,107"
2018-05-09,"4,535.07","141,057"
2018-05-10,"4,573.18","142,242"
2018-05-11,"4,562.81","141,919"
2018-05-14,"4,537.86","141,143"
2018-05-15,"4,462.01","138,784"
2018-05-16,"4,506.05","140,154"
2018-05-17,"4,499.63","139,954"
2018-05-18,"4,504.47","140,105"
2018-05-21,"4,531.41","140,943"
2018-05-22,"4,518.72","140,548"
2018-05-23,"4,541.97","141,271"
2018-05-24,"4,573.86","142,263"
2018-05-25,"4,563.32","141,935"
2018-05-28,"4,552.05","141,584"
2018-05-29,"4,553.89","141,642"
2018-05-30,"4,558.58","141,788"
2018-05-31,"4,546.83","141,422"
2018-06-01,"4,529.11","140,871"
2018-06-04,"4,476.77","139,243"
2018-06-05,"4,485.10","139,502"
2018-06-06,"4,488.05","139,594"
2018-06-07,"4,478.11","139,285"
2018-06-08,"4,482.96","139,436"
2018-06-11,"4,508.21","140,221"
2018-06-12,"4,498.13","139,907"
2018-06-13,"4,510.70","140,298"
2018-06-14,"4,519.78","140,581"
2018-06-15,"4,441.13","138,135"
2018-06-18,"4,436.58","137,993"
2018-06-19,"4,448.74","138,371"
2018-06-20,"4,436.44","137,989"
2018-06-21,"4,439.89","138,096"
2018-06-22,"4,449.15","138,384"
2018-06-25,"4,425.58","137,651"
2018-06-26,"4,401.36","136,898"
2018-06-27,"4,376.16","136,114"
2018-06-28,"4,362.56","135,691"
2018-06-29,"4,407.48","137,088"
2018-07-02,"4,372.38","135,996"
2018-07-03,"4,430.11","137,792"
2018-07-04,"4,438.16","138,042"
2018-07-05,"4,437.01","138,006"
2018-07-06,"4,432.91","137,879"
2018-07-09,"4,446.44","138,300"
2018-07-10,"4,442.50","138,177"
2018-07-11,"4,394.98","136,699"
2018-07-12,"4,415.87","137,349"
2018-07-13,"4,396.31","136,741"
2018-07-16,"4,393.97","136,668"
2018-07-17,"4,329.37","134,659"
2018-07-18,"4,333.38","134,783"
2018-07-19,"4,315.03","134,212"
2018-07-20,"4,351.33","135,342"
2018-07-23,"4,317.34","134,284"
2018-07-24,"4,319.31","134,346"
2018-07-25,"4,349.68","135,290"
2018-07-26,"4,319.37","134,348"
2018-07-27,"4,329.58","134,665"
2018-07-30,"4,321.67","134,419"
2018-07-31,"4,321.49","134,413"
2018-08-01,"4,289.56","133,420"
2018-08-02,"4,263.08","132,597"
2018-08-03,"4,285.51","133,294"
2018-08-06,"4,265.69","132,678"
2018-08-07,"4,281.99","133,185"
2018-08-08,"4,289.29","133,412"
2018-08-09,"4,281.05","133,155"
2018-08-10,"4,277.23","133,037"
2018-08-13,"4,215.24","131,109"
2018-08-14,"4,216.62","131,152"
2018-08-15,"4,149.39","129,061"
2018-08-16,"4,146.19","128,961"
2018-08-17,"4,183.20","130,112"
2018-08-20,"4,291.34","133,476"
2018-08-21,"4,299.22","133,721"
2018-08-22,"4,292.78","133,520"
2018-08-23,"4,255.44","132,359"
2018-08-24,"4,322.07","134,431"
2018-08-27,"4,339.77","134,982"
2018-08-28,"4,304.91","133,898"
2018-08-29,"4,324.30","134,501"
2018-08-30,"4,300.30","133,754"
2018-08-31,"4,304.36","133,881"
2018-09-03,"4,305.09","133,903"
2018-09-04,"4,270.05","132,813"
2018-09-05,"4,288.86","133,399"
2018-09-06,"4,300.77","133,769"
2018-09-07,"4,285.41","133,291"
2018-09-10,"4,285.84","133,304"
2018-09-11,"4,295.38","133,601"
2018-09-12,"4,481.39","139,387"
2018-09-13,"4,464.84","138,872"
2018-09-14,"4,433.56","137,899"
2018-09-17,"4,462.61","138,803"
2018-09-18,"4,453.07","138,506"
2018-09-19,"4,473.05","139,127"
2018-09-20,"4,486.94","139,559"
2018-09-21,"4,457.20","138,634"
2018-09-24,"4,470.53","139,049"
2018-09-25,"4,485.77","139,523"
2018-09-26,"4,491.87","139,713"
2018-09-28,"4,451.22","138,448"
2018-10-01,"4,437.97","138,036"
2018-10-02,"4,492.45","139,731"
2018-10-03,"4,469.79","139,026"
2018-10-04,"4,478.62","139,301"
2018-10-05,"4,489.67","139,644"
2018-10-08,"4,435.65","137,964"
2018-10-09,"4,441.44","138,144"
2018-10-10,"4,459.93","138,719"
2018-10-11,"4,570.71","142,165"
2018-10-12,"4,547.51","141,443"
2018-10-15,"4,580.54","142,471"
2018-10-16,"4,571.15","142,179"
2018-10-17,"4,560.57","141,850"
2018-10-18,"4,576.53","142,346"
2018-10-19,"4,578.44","142,405"
2018-10-22,"4,562.17","141,899"
2018-10-23,"4,595.03","142,921"
2018-10-24,"4,609.42","143,369"
2018-10-25,"4,599.62","143,064"
2018-10-26,"4,605.63","143,251"
2018-10-29,"4,591.07","142,798"
2018-10-30,"4,566.43","142,032"
2018-10-31,"4,535.76","141,078"
2018-11-01,"4,603.69","143,191"
2018-11-02,"4,602.95","143,168"
2018-11-05,"4,621.41","143,742"
2018-11-06,"4,601.19","143,113"
2018-11-07,"4,594.72","142,912"
2018-11-08,"4,584.75","142,602"
2018-11-09,"4,526.82","140,800"
2018-11-12,"4,491.09","139,689"
2018-11-13,"4,493.81","139,773"
2018-11-14,"4,528.48","140,851"
2018-11-15,"4,537.48","141,131"
2018-11-16,"4,569.58","142,130"
2018-11-19,"4,509.98","140,276"
2018-11-20,"4,493.83","139,774"
2018-11-21,"4,508.95","140,244"
2018-11-22,"4,512.02","140,339"
2018-11-23,"4,496.58","139,859"
2018-11-26,"4,448.61","138,367"
2018-11-27,"4,421.97","137,539"
2018-11-28,"4,444.82","138,249"
2018-11-29,"4,454.11","138,538"
2018-11-30,"4,447.80","138,342"
2018-12-03,"4,424.61","137,621"
2018-12-04,"4,452.49","138,488"
2018-12-05,"4,447.96","138,347"
2018-12-06,"4,449.92","138,408"
2018-12-07,"4,493.23","139,755"
2018-12-10,"4,520.90","140,616"
2018-12-11,"4,514.03","140,402"
2018-12-12,"4,525.59","140,762"
2018-12-13,"4,512.80","140,364"
2018-12-14,"4,498.02","139,904"
2018-12-17,"4,526.31","140,784"
2018-12-18,"4,540.21","141,216"
2018-12-19,"4,516.41","140,476"
2018-12-20,"4,578.06","142,394"
2018-12-21,"4,560.92","141,861"
2018-12-24,"4,686.25","145,759"
2018-12-25,"4,692.35","145,949"
2018-12-26,"4,681.41","145,608"
2018-12-27,"4,607.01","143,294"
2018-12-28,"4,619.48","143,682"
2018-12-31,"4,628.04","143,948"
2019-01-02,"4,632.96","144,101"
2019-01-03,"4,663.87","145,063"
2019-01-04,"4,631.48","144,055"
2019-01-07,"4,646.28","144,515"
2019-01-08,"4,633.28","144,111"
2019-01-09,"4,660.45","144,956"
2019-01-10,"4,635.90","144,192"
2019-01-11,"4,640.44","144,334"
2019-01-14,"4,637.92","144,255"
2019-01-15,"4,631.74","144,063"
2019-01-16,"4,645.65","144,496"
2019-01-17,"4,639.99","144,320"
2019-01-18,"4,601.57","143,125"
2019-01-21,"4,680.10","145,567"
2019-01-22,"4,700.33","146,197"
2019-01-23,"4,689.73","145,867"
2019-01-24,"4,685.02","145,720"
2019-01-25,"4,766.82","148,265"
2019-01-28,"4,754.43","147,879"
2019-01-29,"4,779.68","148,665"
2019-01-30,"4,810.02","149,608"
2019-01-31,"4,827.23","150,144"
2019-02-01,"4,827.06","150,138"
2019-02-04,"4,803.67","149,411"
2019-02-05,"4,822.18","149,986"
2019-02-06,"4,800.94","149,326"
2019-02-07,"4,816.12","149,798"
2019-02-08,"4,817.74","149,848"
2019-02-11,"4,791.79","149,041"
2019-02-12,"4,802.79","149,384"
2019-02-13,"4,784.53","148,815"
2019-02-14,"4,795.55","149,158"
2019-02-15,"4,832.32","150,302"
2019-02-18,"4,843.27","150,643"
2019-02-19,"4,896.12","152,286"
2019-02-20,"4,879.48","151,769"
2019-02-21,"4,830.50","150,245"
2019-02-22,"4,846.34","150,738"
2019-02-25,"4,853.37","150,957"
2019-02-26,"4,854.58","150,994"
2019-02-27,"4,820.51","149,935"
2019-02-28,"4,797.99","149,234"
2019-03-01,"4,718.26","146,754"
2019-03-04,"4,693.26","145,977"
2019-03-05,"4,700.37","146,198"
2019-03-06,"4,693.63","145,988"
2019-03-07,"4,689.03","145,845"
2019-03-08,"4,716.77","146,708"
2019-03-11,"4,697.62","146,112"
2019-03-12,"4,726.28","147,004"
2019-03-13,"4,752.37","147,815"
2019-03-14,"4,704.42","146,324"
2019-03-15,"4,724.11","146,936"
2019-03-18,"4,732.39","147,194"
2019-03-19,"4,636.51","144,211"
2019-03-20,"4,664.22","145,073"
2019-03-21,"4,638.40","144,270"
2019-03-22,"4,642.94","144,412"
2019-03-25,"4,678.02","145,503"
2019-03-26,"4,655.39","144,799"
2019-03-27,"4,638.90","144,286"
2019-03-28,"4,571.18","142,179"
2019-03-29,"4,588.89","142,731"
2019-04-01,"4,574.72","142,290"
2019-04-02,"4,594.21","142,896"
2019-04-03,"4,577.97","142,391"
2019-04-04,"4,585.63","142,629"
2019-04-05,"4,583.87","142,574"
2019-04-08,"4,618.66","143,656"
2019-04-09,"4,651.41","144,675"
2019-04-10,"4,665.17","145,103"
2019-04-11,"4,610.14","143,391"
2019-04-12,"4,593.77","142,882"
2019-04-15,"4,591.58","142,814"
2019-04-16,"4,557.33","141,749"
2019-04-17,"4,551.34","141,562"
2019-04-18,"4,555.65","141,697"
2019-04-22,"4,552.70","141,605"
2019-04-23,"4,553.94","141,643"
2019-04-24,"4,564.15","141,961"
2019-04-25,"4,572.03","142,206"
2019-04-26,"4,603.30","143,179"
2019-04-29,"4,605.93","143,260"
2019-04-30,"4,619.81","143,692"
2019-05-01,"4,594.86","142,916"
2019-05-02,"4,562.59","141,913"
2019-05-03,"4,584.12","142,582"
2019-05-06,"4,595.20","142,927"
2019-05-07,"4,607.00","143,294"
2019-05-08,"4,575.63","142,318"
2019-05-09,"4,587.45","142,686"
2019-05-10,"4,593.51","142,874"
2019-05-13,"4,641.96","144,381"
2019-05-14,"4,632.99","144,102"
2019-05-15,"4,631.63","144,060"
2019-05-16,"4,647.34","144,548"
2019-05-17,"4,619.30","143,676"
2019-05-20,"4,621.80","143,754"
2019-05-21,"4,575.05","142,300"
2019-05-22,"4,571.00","142,174"
2019-05-23,"4,607.15","143,298"
2019-05-24,"4,614.88","143,539"
2019-05-27,"4,602.02","143,139"
2019-05-28,"4,579.24","142,430"
2019-05-29,"4,580.11","142,457"
2019-05-30,"4,620.06","143,700"
2019-05-31,"4,687.98","145,813"
2019-06-03,"4,757.28","147,968"
2019-06-04,"4,758.86","148,017"
2019-06-05,"4,775.53","148,535"
2019-06-06,"4,796.47","149,187"
2019-06-07,"4,790.73","149,008"
2019-06-10,"4,745.56","147,604"
2019-06-11,"4,750.34","147,752"
2019-06-12,"4,761.22","148,091"
2019-06-13,"4,795.26","149,149"
2019-06-14,"4,795.49","149,156"
2019-06-17,"4,822.00","149,981"
2019-06-18,"4,835.96","150,415"
2019-06-19,"4,883.29","151,887"
2019-06-20,"4,967.88","154,518"
2019-06-21,"5,013.67","155,942"
2019-06-24,"5,064.68","157,529"
2019-06-25,"5,089.03","158,286"
2019-06-26,"5,009.70","155,819"
2019-06-27,"5,017.63","156,066"
2019-06-28,"5,015.33","155,994"
2019-07-01,"4,930.04","153,341"
2019-07-02,"5,043.58","156,873"
2019-07-03,"5,028.36","156,400"
2019-07-04,"4,984.90","155,048"
2019-07-05,"4,935.71","153,518"
2019-07-08,"4,923.55","153,139"
2019-07-09,"4,925.06","153,186"
2019-07-10,"4,988.13","155,148"
2019-07-11,"4,943.09","153,747"
2019-07-12,"4,979.19","154,870"
2019-07-15,"4,990.20","155,213"
2019-07-16,"4,963.23","154,374"
2019-07-17,"5,048.72","157,033"
2019-07-18,"5,084.91","158,159"
2019-07-19,"5,047.91","157,008"
2019-07-22,"5,055.56","157,245"
2019-07-23,"5,039.16","156,735"
2019-07-24,"5,061.11","157,418"
2019-07-25,"5,012.01","155,891"
2019-07-26,"5,027.33","156,367"
2019-07-29,"5,040.80","156,786"
2019-07-30,"5,064.20","157,514"
2019-07-31,"5,029.74","156,442"
2019-08-01,"5,111.30","158,979"
2019-08-02,"5,126.52","159,452"
2019-08-05,"5,272.55","163,995"
2019-08-06,"5,362.88","166,804"
2019-08-07,"5,445.43","169,372"
2019-08-08,"5,450.78","169,538"
2019-08-09,"5,436.93","169,108"
2019-08-12,"5,533.42","172,109"
2019-08-13,"5,512.95","171,472"
2019-08-14,"5,554.61","172,768"
2019-08-15,"5,613.47","174,599"
2019-08-16,"5,521.97","171,752"
2019-08-19,"5,506.40","171,268"
2019-08-20,"5,538.63","172,271"
2019-08-21,"5,532.33","172,075"
2019-08-22,"5,512.88","171,470"
2019-08-23,"5,576.53","173,449"
2019-08-26,"5,656.37","175,933"
2019-08-27,"5,686.43","176,868"
2019-08-28,"5,700.08","177,292"
2019-08-29,"5,640.11","175,427"
2019-08-30,"5,608.21","174,435"
2019-09-02,"5,616.28","174,686"
2019-09-03,"5,740.02","178,535"
2019-09-04,"5,748.08","178,785"
2019-09-05,"5,621.24","174,840"
2019-09-06,"5,549.74","172,616"
2019-09-09,"5,501.55","171,117"
2019-09-10,"5,489.88","170,754"
2019-09-11,"5,519.27","171,669"
2019-09-12,"5,467.29","170,052"
2019-09-13,"5,435.19","169,053"
2019-09-16,"5,533.27","172,104"
2019-09-17,"5,525.60","171,865"
2019-09-18,"5,480.01","170,447"
2019-09-19,"5,493.81","170,876"
2019-09-20,"5,539.21","172,289"
2019-09-23,"5,543.27","172,415"
2019-09-24,"5,577.87","173,491"
2019-09-25,"5,517.46","171,612"
2019-09-26,"5,490.81","170,783"
2019-09-27,"5,434.41","169,029"
2019-09-30,"5,360.48","166,729"
2019-10-01,"5,388.35","167,597"
2019-10-02,"5,466.15","170,016"
2019-10-03,"5,481.62","170,498"
2019-10-04,"5,486.14","170,638"
2019-10-07,"5,456.27","169,709"
2019-10-08,"5,526.50","171,893"
2019-10-09,"5,504.99","171,224"
2019-10-10,"5,468.75","170,097"
2019-10-11,"5,442.56","169,283"
2019-10-14,"5,471.02","170,168"
2019-10-15,"5,443.04","169,298"
2019-10-16,"5,451.47","169,560"
2019-10-17,"5,456.06","169,702"
2019-10-18,"5,437.91","169,138"
2019-10-21,"5,414.90","168,422"
2019-10-22,"5,441.17","169,239"
2019-10-23,"5,434.19","169,022"
2019-10-24,"5,505.61","171,244"
2019-10-25,"5,505.39","171,237"
2019-10-28,"5,430.48","168,907"
2019-10-29,"5,405.30","168,124"
2019-10-30,"5,432.46","168,968"
2019-10-31,"5,520.67","171,712"
2019-11-01,"5,507.12","171,290"
2019-11-04,"5,514.62","171,524"
2019-11-05,"5,414.98","168,425"
2019-11-06,"5,435.48","169,062"
2019-11-07,"5,372.98","167,118"
2019-11-08,"5,357.22","166,628"
2019-11-11,"5,356.57","166,608"
2019-11-12,"5,367.50","166,948"
2019-11-13,"5,424.21","168,712"
2019-11-14,"5,426.62","168,787"
2019-11-15,"5,411.78","168,325"
2019-11-18,"5,427.21","168,805"
2019-11-19,"5,428.56","168,847"
2019-11-20,"5,426.14","168,772"
2019-11-21,"5,416.30","168,466"
2019-11-22,"5,413.51","168,379"
2019-11-25,"5,368.27","166,972"
2019-11-26,"5,372.97","167,118"
2019-11-27,"5,340.00","166,093"
2019-11-28,"5,359.48","166,698"
2019-11-29,"5,391.60","167,698"
2019-12-02,"5,361.30","166,755"
2019-12-03,"5,444.78","169,352"
2019-12-04,"5,421.85","168,638"
2019-12-05,"5,403.87","168,079"
2019-12-06,"5,364.39","166,851"
2019-12-09,"5,347.51","166,326"
2019-12-10,"5,338.99","166,061"
2019-12-11,"5,350.41","166,416"
2019-12-12,"5,333.54","165,892"
2019-12-13,"5,400.60","167,978"
2019-12-16,"5,388.49","167,601"
2019-12-17,"5,391.82","167,704"
2019-12-18,"5,395.21","167,810"
2019-12-19,"5,407.20","168,183"
2019-12-20,"5,423.84","168,700"
2019-12-23,"5,437.87","169,137"
2019-12-24,"5,493.71","170,874"
2019-12-25,"5,507.75","171,310"
2019-12-26,"5,531.57","172,051"
2019-12-27,"5,534.39","172,139"
2019-12-30,"5,558.07","172,875"
2019-12-31,"5,574.90","173,399"
